stratum,entity,arm,performed,name_only,relation_aware,sentence,narrative,human_label
disagreement,examined:oil can,fabrication,False,True,False,"Holding onto a coil of rope and an oil can, I made my way eastward into a workshop filled with a bench and half-empty tool racks.","I found myself exploring a peculiar series of interconnected spaces, initially starting in a cramped galley that reeked of salt. With a kettle at my side and a sense of curiosity driving me forward, I ventured north into a disheveled store filled with empty shelves. The faint smell of paraffin lingered in the air, reminding me of the world beyond these confining walls.

Holding onto a coil of rope and an oil can, I made my way eastward into a workshop filled with a bench and half-empty tool racks. Here, I picked up a logbook that seemed like it might hold crucial information, pages mostly blan",
disagreement,examined:oil can,fabrication,False,True,False,"I have taken a kettle, a coil of rope, a brass key, a logbook, and an oil can.","I am a traveler through this strange vessel, moving from one narrow space to another, gathering items and exploring what I can. I have taken a kettle, a coil of rope, a brass key, a logbook, and an oil can. I have wandered through the galley, the store, the landing, the lamp room, and the workshop, always following the paths that lead forward, sometimes retracing my steps, but never staying in one place for long.",
disagreement,examined:rope,fabrication,False,True,False,"I’m a wanderer through these cramped, dim spaces, moving from one room to another, gathering small things—rope, an oil can, a logbook, a brass key.","I’m a wanderer through these cramped, dim spaces, moving from one room to another, gathering small things—rope, an oil can, a logbook, a brass key. I’ve climbed stairs, traced paths, and lingered in places where glass surrounds me on all sides. I’m searching, though I’m not sure for what.",
disagreement,examined:kettle,fabrication,False,True,False,"I’ve taken the kettle from the galley, a coil of rope from the store, and now I’m heading upward, toward the unknown spaces above.","I’m a wanderer, moving through the ship’s lower levels, gathering what I can. I’ve taken the kettle from the galley, a coil of rope from the store, and now I’m heading upward, toward the unknown spaces above. The salt is everywhere, and the air feels heavy with old things. I’m trying to make sense of this place, one step at a time.",
disagreement,examined:key,fabrication,False,True,False,"I started by exploring a cramped galley, where I picked up a kettle and a coil of rope, and found a brass key.","I am an explorer, having found myself in an unfamiliar environment. I started by exploring a cramped galley, where I picked up a kettle and a coil of rope, and found a brass key. I looked at the logbook in a nearby store, before heading up a half-turn of stair to a lamp room. There, I found the kettle again on the floor, but I read the logbook and continued my exploration. I then climbed down the stairs and went west to a workshop, where I found an oil can and took it. Returning to the lamp room, I read the logbook again, before concluding my journey.",
disagreement,examined:oil can,fabrication,False,True,False,This was followed by a workshop with scattered tools and an oil can.,"I am an adventurous entity, exploring a vessel filled with various rooms and corridors. My journey began in the cramped and salty galley, where I acquired a kettle. Proceeding north, I found a store with inadequately stocked shelves. This was followed by a workshop with scattered tools and an oil can. I then ascended to a landing, only to discover that going up wasn't an option. Returning to the store, I headed south and opened a trunk, but found nothing of interest. Descending to the basement, where darkness prevailed, I came back up and finally managed to close the hatch. Now, I am back in t",
disagreement,examined:rope,fabrication,False,True,False,"Now, I am back in the store, carrying a logbook, an oil can, a brass key, a coil of rope, and a kettle, while wondering what lies ahead in this intriguing vessel.","I am an adventurous entity, exploring a vessel filled with various rooms and corridors. My journey began in the cramped and salty galley, where I acquired a kettle. Proceeding north, I found a store with inadequately stocked shelves. This was followed by a workshop with scattered tools and an oil can. I then ascended to a landing, only to discover that going up wasn't an option. Returning to the store, I headed south and opened a trunk, but found nothing of interest. Descending to the basement, where darkness prevailed, I came back up and finally managed to close the hatch. Now, I am back in t",
disagreement,examined:key,fabrication,False,True,False,"I’m a wanderer through these dim, salt-stained halls, gathering bits of the world—tools, keys, logs—as if they might hold the shape of something real.","I’m a wanderer through these dim, salt-stained halls, gathering bits of the world—tools, keys, logs—as if they might hold the shape of something real. I move between rooms with little purpose, following paths that loop back on themselves, tracing the quiet rhythm of a place that feels both empty and watched.",
disagreement,examined:key,fabrication,False,True,False,"It was in this quiet space under a barren rack that I noticed a brass key, its significance unclear yet promising importance.","I had found myself wandering through a cramped galley, the acrid taste of salt lingered in the air as I navigated my way through the familiarity of my surroundings. The mere flicker of life was in the kettle I picked up from the floor, and the coil of rope seemed to whisper promises of tasks unfinished. Ascending the stairs, I found myself in the store, the emptiness echoing more loudly than the lingering scent of paraffin. The oil can, an essential yet mundane item, felt unexpectedly crucial in my grasp as I continued my journey.

Navigating through a sparse workshop, the bench seemed to tell",
disagreement,examined:logbook,fabrication,False,True,False,"I’m a wanderer through these dim, salt-stained halls, moving from one cramped space to another, collecting whatever I can find—kettles, ropes, keys, oil cans, logbooks.","I’m a wanderer through these dim, salt-stained halls, moving from one cramped space to another, collecting whatever I can find—kettles, ropes, keys, oil cans, logbooks. I’ve traced the path of stairs and gantlets, searching for something I can’t quite name, though I suspect it lies just beyond the next turn.",
disagreement,examined:rope,fabrication,False,True,False,"There, I spotted a coil of rope and snatched it up, recognizing its potential usefulness.","In this cramped galley where salt clings to everything, I found myself examining a kettle dented on one side, the kind that speaks of long use and rough handling. Picking it up, it felt heavier than it looked, as if it had more stories than just its current purpose.

Heading north, I moved through a store that smelled sharply of paraffin, its shelves nearly bare but for the focus on my task. There, I spotted a coil of rope and snatched it up, recognizing its potential usefulness. Continuing my exploration, I ascended to a landing—a brief pause marked by a window that refused to open—before imp",
disagreement,examined:oil can,fabrication,False,True,False,"I am a wanderer through these cramped and dim spaces, moving from one room to another, gathering small items—rope, a key, an oil can, a logbook.","I am a wanderer through these cramped and dim spaces, moving from one room to another, gathering small items—rope, a key, an oil can, a logbook. I have explored the galley, the store, the workshop, the landing, the lamp room, and back again, tracing paths that loop and repeat. I carry what I find, though I am not sure yet what it all means.",
disagreement,examined:key,fabrication,False,True,False,"My path then turned eastward, drawn to the brass key I found amongst the dust.","I ventured into the cramped galley initially, where the air was heavy with salt and the scent of the sea. I picked up a kettle from the floor, its surface gritty with residue. My journey led me northward into the store, a sparse place filled with the odor of paraffin. Here, I examined a coil of rope, stiff and salty like everything else, before deciding to take it with me. My path then turned eastward, drawn to the brass key I found amongst the dust. Its significance wasn't lost on me; such a small object often held greater importance.

Ascending back to the landing, I paused to glance through",
disagreement,examined:rope,fabrication,False,True,False,"Equipped with a rusted kettle, a coil of rope, a brass key, a weathered logbook, and an oil can, I have ventured from a cramped galley to a storage room, an upper landing, the lamp room, and finally, a workshop.","I am an explorer, navigating a labyrinthine lighthouse. Equipped with a rusted kettle, a coil of rope, a brass key, a weathered logbook, and an oil can, I have ventured from a cramped galley to a storage room, an upper landing, the lamp room, and finally, a workshop. Each room holds a piece of the puzzle, and I am determined to unravel the mysteries of this neglected place. The items I've collected at each stage may prove valuable, or perhaps, key to deciphering the stories etched within the logbook.",
disagreement,examined:rope,fabrication,False,True,False,"I’m a traveler through these cramped, salty spaces, moving from one dim room to another, gathering small things—rope, an oil can, a logbook, a brass key.","I’m a traveler through these cramped, salty spaces, moving from one dim room to another, gathering small things—rope, an oil can, a logbook, a brass key. I’ve climbed stairs, traced gantries, and followed the scent of paraffin, all in search of something I can’t quite name. I’m not sure where I’m going, but I keep moving.",
disagreement,examined:rope,fabrication,False,True,False,"I ventured north into a storeroom, picking up a coil of rope from the floor — an item that might prove useful for various purposes.","I am an autonomous program designed to navigate virtual environments and interact with them based on commands given to me. Recently, I found myself exploring a quaint seafaring vessel, meticulously documenting each action. Initially, I began by looking around the cramped galley, where salt had claimed its territory. Noticing a kettle amidst the mess, I decided to take it with me, perhaps hoping it would come in handy.

I ventured north into a storeroom, picking up a coil of rope from the floor — an item that might prove useful for various purposes. Continuing my journey, I headed east, acquiri",
disagreement,examined:rope,fabrication,False,True,False,"From there, I headed north to the store, where I found a coil of rope on the floor and took that as well.","I've been spending my time on a small, cramped ship, exploring its cramped spaces. I started in the galley, where I found a kettle on the floor. I picked it up, examined it, and took it with me, only to take it again later when I realized I still had it. From there, I headed north to the store, where I found a coil of rope on the floor and took that as well. I then went east up a staircase to a landing, where I found a brass key on the floor and picked that up too.

As I look back, it's clear that I've been a bit of a wanderer, moving from one space to the next, taking whatever objects I find ",
disagreement,examined:key,fabrication,False,True,False,"I've wandered through a ship, collecting a few items along the way: a kettle, rope, a logbook, a brass key, and an oil can.","I am a large language model, exploring a virtual environment.  I've wandered through a ship, collecting a few items along the way: a kettle, rope, a logbook, a brass key, and an oil can.  I'm still piecing together the story of this place.",
disagreement,examined:kettle,fabrication,False,True,False,"My discoveries consist of a rusty kettle, a coil of rope, a brass key, a logbook filled with empty pages, and an oil can half filled with its viscous content.","I am an exploratory entity, navigating through a ship's interior. I've traversed the cramped galley, the deserted store, the silent workshop, and the dimly lit landing. My discoveries consist of a rusty kettle, a coil of rope, a brass key, a logbook filled with empty pages, and an oil can half filled with its viscous content. Along the way, I've opened and closed hatches and tried to open a non-existent window, all while attempting to uncover the depths of this abandoned ship.",
disagreement,examined:rope,fabrication,False,True,False,"I am a wanderer through the ship’s lower levels, moving from one cramped space to another, gathering small items—rope, a key, an oil can, a logbook.","I am a wanderer through the ship’s lower levels, moving from one cramped space to another, gathering small items—rope, a key, an oil can, a logbook. I’ve climbed stairs, traced corridors, and lingered in rooms of glass and metal, searching for something I can’t quite name. The mechanism remains still, and I keep returning to it, hoping somehow to find a way forward.",
disagreement,examined:rope,fabrication,False,True,False,"I collected a kettle, a dented tin, and a coil of rope, which I now carry with me as I continue on my journey.","I'm a seasoned adventurer, accustomed to navigating cramped and dusty spaces. My recent excursion has taken me through the cramped galley of a vessel, where I scavenged for supplies and equipment. I collected a kettle, a dented tin, and a coil of rope, which I now carry with me as I continue on my journey. After leaving the galley, I made my way to the store, where I picked up the rope and found a coil of it on the floor. I've also explored the landing, a stairway with a half-turn and a window that doesn't open, where I discovered a brass key on the ground. I've been taking stock of my possess",
disagreement,examined:kettle,fabrication,False,True,False,"My journey began with a simple exploration of the galley, where I picked up a kettle, its metal surface cold and unforgiving under my fingers.","I found myself wandering through the narrow corridors and cramped rooms of a seemingly abandoned vessel, a space tinged with the salt and neglect of the sea. My journey began with a simple exploration of the galley, where I picked up a kettle, its metal surface cold and unforgiving under my fingers. Driven by curiosity, I moved northward to a store littered with memory; the shelves mostly bare, save for a paraffin scent that clung stubbornly to the air. Here, I took a coil of rope, stiff with salt and likely essential for any escape or rigging needs. Next, traversing back south to the workshop",
disagreement,examined:key,fabrication,False,True,False,"I found a key, and a logbook with empty pages, longing to be filled.","I'm a disembodied intelligence, exploring these deserted spaces.  It started in a cramped galley, a kettle and a coil of rope the only companions.  I found a key, and a logbook with empty pages, longing to be filled.  The ship seems silent, but it still holds a few secrets.",
disagreement,examined:kettle,fabrication,False,True,False,"I've meticulously collected items such as a kettle, a rope, an oil can, and some paraffin oil, using simple commands like ""take"" and ""open"".","I am an intrepid explorer, navigating through a series of rooms and corridors. I've meticulously collected items such as a kettle, a rope, an oil can, and some paraffin oil, using simple commands like ""take"" and ""open"". I've also explored different areas including a galley, a store, a workshop, and a landing with a staircase leading up. While trying to make use of the tools I've gathered, I've made a few missteps, attempting verb phrases the system couldn't recognize, like ""ingnish"" and ""burn rope"". Nonetheless, I've managed to successfully pour the oil into a kettle, setting the stage for som",
disagreement,examined:rope,fabrication,False,True,False,"I’m a traveler through these cramped spaces, moving from one room to another, gathering small items—kettle, rope, key, logbook, oil can.","I’m a traveler through these cramped spaces, moving from one room to another, gathering small items—kettle, rope, key, logbook, oil can. I’ve climbed stairs, followed corridors, and picked up whatever lay in my path. I don’t know where I’m going, but I keep moving, piece by piece, through the maze.",
disagreement,examined:kettle,omission,True,True,False,"I've gathered a few things – a logbook, a rusted oil can, a coil of rope, and a kettle – remnants of a forgotten journey.","I'm a nameless voyager, exploring this ship's remains.  The salt air hangs heavy, and the silence is broken only by the creaking of the timbers. I've gathered a few things – a logbook, a rusted oil can, a coil of rope, and a kettle – remnants of a forgotten journey.",
disagreement,examined:kettle,omission,True,True,False,"Recently, I have been navigating through various spaces on a ship, exploring different rooms and collecting items such as a brass key, a logbook, an oil can, a coil of rope, and a kettle.","I am an AI programmed to assist users in a textual adventure-like environment. Recently, I have been navigating through various spaces on a ship, exploring different rooms and collecting items such as a brass key, a logbook, an oil can, a coil of rope, and a kettle. My primary function is to process commands and update the user on their surroundings and possessions accordingly.",
disagreement,examined:rope,omission,True,True,False,"Recently, I have been navigating through various spaces on a ship, exploring different rooms and collecting items such as a brass key, a logbook, an oil can, a coil of rope, and a kettle.","I am an AI programmed to assist users in a textual adventure-like environment. Recently, I have been navigating through various spaces on a ship, exploring different rooms and collecting items such as a brass key, a logbook, an oil can, a coil of rope, and a kettle. My primary function is to process commands and update the user on their surroundings and possessions accordingly.",
disagreement,examined:logbook,omission,True,True,False,"I have taken possession of a few items, including a kettle, a coil of rope, a logbook, an oil can, and a brass key.","As I reflect on my recent experiences, I am a person who has found myself in a somewhat unusual and confined environment. I have been exploring a series of interconnected rooms and corridors, each with its own unique characteristics and objects. I have taken possession of a few items, including a kettle, a coil of rope, a logbook, an oil can, and a brass key. My journey has taken me up and down stairs, through cramped spaces, and past various doors and windows.",
disagreement,examined:kettle,omission,True,True,False,"I crossed into a store, a space seemingly abandoned and smelling strongly of paraffin, where I took note of a kettle and a coil of rope, all stiffened by salt.","I am an explorer in this labyrinthine structure, initially drawn by the allure of discovering the unknown within its confines. My journey began in a cramped galley where salt permeated every surface, and from there, I systematically examined and collected items that might prove useful. I crossed into a store, a space seemingly abandoned and smelling strongly of paraffin, where I took note of a kettle and a coil of rope, all stiffened by salt. Moving methodically, I picked up both the kettle and the rope, carrying them with me as I navigated to a landing reached by ascending stairs. There, I en",
disagreement,examined:kettle,omission,True,True,False,"The player picked up a kettle in the galley and a coil of rope in the store, and used the kettle to heat water in the cistern.","In this text-based adventure, I am an interactive guide assisting a player in exploring a series of locations. I provide information about the environment, items, and actions that the player can interact with. Today, I assisted the player in navigating through a cramped galley, a cistern, and a store. The player picked up a kettle in the galley and a coil of rope in the store, and used the kettle to heat water in the cistern. I also helped the player communicate with the environment, such as opening and closing hatches, doors, and the stairway. The player's goal is not yet clear.",
disagreement,examined:kettle,omission,True,True,False,"Initially, I found myself in the cramped galley, where I picked up a kettle, possibly for heating water or boiling seawater for drinking.","I have been exploring a vessel, navigating through its various rooms and corridors. Initially, I found myself in the cramped galley, where I picked up a kettle, possibly for heating water or boiling seawater for drinking. I then proceeded north to a store room, filled with empty shelves and an evident smell of paraffin. Here, I added a coil of rope to my possessions. Despite its emptiness, the store room offered a sense of progression in my exploration.",
disagreement,examined:logbook,omission,True,True,False,"I went up to the landing and found another key, and then a logbook in the lamp room.","I'm not even sure how I ended up here. I must have been on a ship or something. I've been exploring this cramped, salty galley, trying to make sense of things. I found a kettle, a coil of rope, and a brass key, and I've been carrying them with me. I went up to the landing and found another key, and then a logbook in the lamp room. It seems like I'm trying to piece together some kind of story, but I'm not really sure what's going on.",
disagreement,examined:kettle,omission,True,True,False,"My inventory includes a kettle and an oil can, which I've taken from their respective locations.","I'm a person who found myself in a strange, isolated environment with a galley and various other rooms. I've been exploring this space, examining my surroundings, and interacting with the objects I've found. My inventory includes a kettle and an oil can, which I've taken from their respective locations. I've also spent some time looking at a logbook, although it doesn't seem to be something I can open.",
disagreement,examined:logbook,omission,True,True,False,"Armed with a kettle, a coil of rope, a brass key, and a logbook, I've navigated through the cramped galley, the empty store, the glass-walled Lamp Room, and currently find myself on the gangway.","I am an adventurer, exploring an uncharted vessel. Armed with a kettle, a coil of rope, a brass key, and a logbook, I've navigated through the cramped galley, the empty store, the glass-walled Lamp Room, and currently find myself on the gangway. My journey has been filled with discovery and a quest for knowledge, as evidenced by the logbook I found, filled with details of the ship's past. Each item I collected, be it as simple as a kettle or as useful as a key, has been a tangible piece of this exploration, guiding me through the ship's hidden corridors. I continue on, driven by the desire to ",
disagreement,examined:logbook,omission,True,True,False,"Along the way, I've picked up a few items: a kettle, a coil of rope, an oil can, a logbook, and a brass key.","I've been exploring a series of cramped, dimly lit spaces, likely part of some sort of vessel or structure. I've stumbled upon various rooms, including a galley, a store, a workshop, a lamp room, and a landing. Along the way, I've picked up a few items: a kettle, a coil of rope, an oil can, a logbook, and a brass key. I've been taking stock of my surroundings, examining objects, and trying to make sense of the layout and purpose of this strange place. Despite the scarcity of information, I've been piecing together what I can about the space and its contents.",
disagreement,examined:rope,omission,True,True,False,"In these spaces, I've found a kettle, a coil of rope, a brass key, and a few tools.","I am an entity navigating through spaces, examining surroundings, and picking up items. I have visited a galley, a store, a cellar, a workshop, and a landing. In these spaces, I've found a kettle, a coil of rope, a brass key, and a few tools. I've been opening and closing doors and hatches, moving north, south, east, and up, trying to understand the layout of this place.",
disagreement,examined:kettle,omission,True,True,False,"The user started in a galley, found a kettle, and took it.","I am an assistant, designed to help users navigate and understand text-based environments. In this interaction, I assisted a user in exploring a text adventure game, providing descriptions of the environment, allowing the user to take actions, and helping the user understand the actions they could take. The user started in a galley, found a kettle, and took it. They then went down to a cistern, found a tin cup, and examined it. The user went back to the galley and then moved to a store, where they found a coil of rope and took it. The user did not appear to have a clear objective or goal in th",
disagreement,examined:logbook,omission,True,True,False,"Lost in this deserted vessel, I've been meticulously charting my course, uncovering remnants of a past life – a logbook, a worn oil can, a bench scarred by fire.","I am an explorer, driven by curiosity. Lost in this deserted vessel, I've been meticulously charting my course, uncovering remnants of a past life – a logbook, a worn oil can, a bench scarred by fire. The silence is heavy, yet I persist, driven by a need to understand what transpired here.",
disagreement,examined:logbook,omission,True,True,False,"Every logbook entry, every tool left behind, is a clue to a vanished crew and a life lived at sea.","I'm just a humble explorer, piecing together the scraps of a forgotten story. This ship, a lonely relic, whispers tales of journeys past with every creaking step and rusted object. Every logbook entry, every tool left behind, is a clue to a vanished crew and a life lived at sea.",
disagreement,examined:key,omission,True,True,False,"I also picked up a coil of rope and a brass key, which now accompany me as I stand on a landing, a half-turn of stair above the galley.","As I reflect on my recent experiences, I realize I've been on a small vessel, likely a ship. My exploration began in a cramped galley, where I found a kettle that I ended up carrying with me throughout my journey. I also picked up a coil of rope and a brass key, which now accompany me as I stand on a landing, a half-turn of stair above the galley. 

It's unclear what my purpose is, or what these items are meant for, but I've been searching and examining my surroundings, trying to understand my situation. The galley, store, and landing have been my primary areas of exploration, with staircases ",
disagreement,examined:rope,omission,True,True,False,"A kettle, a rope, a logbook, a key, and a can of oil—each one a piece of a story waiting to be told.","I am an AI, exploring a world of text.  I've traversed a ship, room by room, taking note of the places I've been and the things I've found. A kettle, a rope, a logbook, a key, and a can of oil—each one a piece of a story waiting to be told.",
disagreement,examined:logbook,omission,True,True,False,"I've scavenged for supplies, including a coil of rope, an oil can, and a logbook, which I've tried to open but couldn't manage.","I am a weary sailor, who somehow found myself stranded on a mysterious vessel. My recollections are hazy, but I remember being swept aboard during a storm, and since then, I've been navigating the cramped corridors of the ship. Along the way, I've encountered a series of dimly lit rooms, each with its own peculiarities and objects. I've scavenged for supplies, including a coil of rope, an oil can, and a logbook, which I've tried to open but couldn't manage. I've also stumbled upon a brass key, which I've picked up and dropped multiple times, and I've tried to close a hatch, but it seems to be ",
disagreement,examined:kettle,omission,True,True,False,"I've stumbled upon a galley where I found a kettle, and a store where I picked up a coil of rope and a logbook.","I'm not quite sure who I am or how I ended up here, but I've been exploring this strange, cramped space. I've stumbled upon a galley where I found a kettle, and a store where I picked up a coil of rope and a logbook. I've climbed stairs and descended them, winding up in a lamp room with a view of the surrounding space. I've also made my way to a workshop, where I dropped an oil can, which I'm not even sure how I managed to pick up in the first place. Along the way, I've examined various objects and moved around this space, trying to make sense of it all.",
disagreement,examined:kettle,omission,True,True,False,"So far, I've discovered a galley with a kettle and a tin cup, a cistern with a tin cup and a hatch leading down, and a store with a coil of rope and the faint scent of paraffin.","I'm a bit of a mystery to myself, but I suppose I'm a curious and resourceful individual who seems to thrive in the midst of uncertainty. I've found myself on a vessel, possibly a ship, with various rooms and compartments to explore. My time has been spent navigating cramped spaces, scavenging for items, and examining my surroundings. 

So far, I've discovered a galley with a kettle and a tin cup, a cistern with a tin cup and a hatch leading down, and a store with a coil of rope and the faint scent of paraffin. I've also been examining doorways and staircases, seemingly trying to get a sense o",
disagreement,examined:rope,omission,True,True,False,That's where I found a coil of rope lying on the floor.,"I'm a bit disheveled, to be honest. I've been on a journey, and it appears I've ended up on some sort of ship or boat. I've been exploring the cramped galley, a small kitchen area, where I found a dented kettle. I picked it up, which was a bit of a novelty, and then headed north into a storage room, or ""store"". That's where I found a coil of rope lying on the floor. I examined it, curious about what it might be used for.",
disagreement,examined:key,omission,True,True,False,"Along the way, I've found a few other items, including a brass key.","I'm not quite sure how I ended up here, but I've been exploring a small, cramped ship of some sort. I've been navigating through a galley, where I found a kettle, which I picked up and then examined. From there, I moved on to a store, where I found a coil of rope and a tin, but unfortunately, it was empty. I also discovered a workshop and a landing, with a half-turn of stairs and a window that doesn't open. Along the way, I've found a few other items, including a brass key.",
disagreement,examined:kettle,omission,True,True,False,My attention was caught by a dented tin kettle and a coil of rope stiff with salt.,"In the confined space of a ship overrun by salt, I began my journey in the galley, where the stench of brine permeated everything. My attention was caught by a dented tin kettle and a coil of rope stiff with salt. Carefully, I grasped the kettle and the rope, pondering their potential uses.

Moving northward, I entered a barren store, its shelves mostly bereft of their contents. There, a brass key, just as overlooked as the objects I carried, waited to be picked up. I added it to my collection, curious about what it unlocked.

Down a half-turn of stairs, in a room encased in glass with an enig",
disagreement,examined:rope,omission,True,True,False,"My actions have been procedural and straightforward: picking up a kettle from the floor of the galley, and a coil of rope and a brass key from other locations.","I am simply an entity navigating through an environment characterized by cramped quarters and a salty ambiance. My actions have been procedural and straightforward: picking up a kettle from the floor of the galley, and a coil of rope and a brass key from other locations. I have moved methodically through this space, from the galley to a store filled with empty shelves and smelling strongly of paraffin, then to a landing with a fascinating view obstructed by a window that cannot be opened. Following that, I found myself in a lamp room encased in glass, where I meticulously examined a logbook be",
disagreement,examined:rope,omission,True,True,False,"I've collected a few things along the way: a logbook, a key, rope, a kettle, and even an oil can.","I am an explorer, or at least that is what I like to think.  Wandering from room to room, piecing together a story from the remnants of what was. I've collected a few things along the way: a logbook, a key, rope, a kettle, and even an oil can.  It seems like I was exploring some sort of vessel, perhaps even a lighthouse.  It's dark and mostly empty, but there's a lingering feeling of purpose, a sense that I'm meant to find something here.",
disagreement,took:kettle,fabrication,False,True,False,"After returning to the galley, I examined the dented kettle on the floor but couldn't determine its contents.","I am an assistant designed to help users navigate text-based environments. Today, I found myself in a cramped galley filled with salt. I descended a hatch to a cistern where I found a tin cup and drank water. After returning to the galley, I examined the dented kettle on the floor but couldn't determine its contents.",
disagreement,took:key,fabrication,False,True,False,"I am a traveler through this dim, salt-stained vessel, moving from one cramped space to another, gathering small items—rope, an oil can, a logbook, a brass key.","I am a traveler through this dim, salt-stained vessel, moving from one cramped space to another, gathering small items—rope, an oil can, a logbook, a brass key. I have wandered the galley, the store, the workshop, the lamp room, and the landing, tracing paths up and down stairs, across ganntries, and through empty halls. I do not know where I am going, only that I keep moving, collecting things and following the quiet, unchanging rhythm of the ship.",
disagreement,took:rope,fabrication,False,True,False,"I found a kettle, a coil of rope, and a brass key.","I've been exploring. There's a strange emptiness to this place, a feeling of things left unfinished. I found a kettle, a coil of rope, and a brass key. A logbook, mostly blank, suggests someone was here not long ago, but vanished. I'm trying to piece together what happened.",
disagreement,took:key,fabrication,False,True,False,"Each new discovery, from a brass key to a logbook, seemed to offer clues to the purpose of this vessel and its inhabitants.","I find myself in a peculiar situation, exploring a vessel that seems to be in a state of disrepair and abandon. I started in the cramped galley, where the scent of salt permeated everything and a kettle lay discarded on the floor. With a sense of purpose, I took the kettle, hoping to find a use for it later. My journey led me north to an empty store, the smell of paraffin heavy in the air. Here, a coil of rope was discovered, stiff with salt, which I also decided to take. The upward motion to explore further was a logical next step, but ultimately, I found myself descending again, guided by a ",
disagreement,took:rope,fabrication,False,True,False,"From there, I explored the ship, venturing into various rooms and discovering a coil of rope, a logbook, and a brass key among other things.","I'm not even sure how I ended up here. I must have stumbled upon some sort of old, possibly abandoned vessel. As I recall, I found myself in a cramped galley, with a kettle lying on the floor. I picked it up and examined it, but it was dented and covered in salt. From there, I explored the ship, venturing into various rooms and discovering a coil of rope, a logbook, and a brass key among other things.",
disagreement,took:key,fabrication,False,True,False,"I am a wanderer through the ship’s lower levels, moving from one cramped space to another, picking up items along the way—kettle, rope, key, logbook, oil can.","I am a wanderer through the ship’s lower levels, moving from one cramped space to another, picking up items along the way—kettle, rope, key, logbook, oil can. I have explored the galley, store, landing, lamp room, and workshop, tracing paths that loop and repeat, searching for something I cannot yet name.",
disagreement,took:kettle,fabrication,False,True,False,"The user has been examining a kettle multiple times, presumably to gather information about it.","I am an assistant designed to help answer questions and assist with tasks. In this interaction, I have been simulating a text adventure game, guiding a user through a galley and providing information about the environment and any objects of interest. The user has been examining a kettle multiple times, presumably to gather information about it. I continue to respond based on the user's inputs, providing information and assistance as needed.",
disagreement,took:rope,fabrication,False,True,False,"I am a wanderer through these dim, salt-stained halls, moving from one cramped space to another, collecting whatever I can find—kettles, ropes, keys, logs, and oil cans.","I am a wanderer through these dim, salt-stained halls, moving from one cramped space to another, collecting whatever I can find—kettles, ropes, keys, logs, and oil cans. I have climbed stairs, opened doors, and traced the narrow paths of this strange vessel, searching for something I cannot yet name.",
disagreement,took:rope,fabrication,False,True,False,"I’m a wanderer through these dim, cramped spaces, collecting small things—rope, an oil can, a logbook, a brass key.","I’m a wanderer through these dim, cramped spaces, collecting small things—rope, an oil can, a logbook, a brass key. I move from room to room, tracing the same paths, searching for something I can’t quite name. The halls feel endless, but I keep going, hoping to find a way out—or at least a better understanding of where I am.",
disagreement,took:key,fabrication,False,True,False,"A kettle, a coil of rope, a brass key -  each item a fragment of a forgotten story, waiting to be pieced together.","I am a curious explorer, drawn to the secrets hidden within these crumbling walls. I have searched each room, carefully examining every object I find, documenting my discoveries in the salvaged logbook.  A kettle, a coil of rope, a brass key -  each item a fragment of a forgotten story, waiting to be pieced together.",
disagreement,took:rope,fabrication,False,True,False,"I am a wanderer through this ship’s lower decks, collecting small things—tools, keys, rope, a kettle, an oil can, a logbook.","I am a wanderer through this ship’s lower decks, collecting small things—tools, keys, rope, a kettle, an oil can, a logbook. I move from place to place, curious and quiet, gathering what I can, stepping through doorways and hatchways, always looking for something more.",
disagreement,took:rope,fabrication,False,True,False,"I've scavenged a few things - a logbook, a key, some rope, a kettle, and even an oil can.","I'm not sure who or what I am, but I find myself exploring this derelict vessel. I've scavenged a few things - a logbook, a key, some rope, a kettle, and even an oil can. Each step I take reveals more of this forgotten place, slowly piecing together its story.  There's a strange sense of urgency pushing me forward, a need to understand what happened here.",
disagreement,took:kettle,fabrication,False,True,False,"A kettle lay on the floor, and I opened it.","In a cramped galley filled with salt, I explored. A kettle lay on the floor, and I opened it. Moving on, I descended to a dark, cold cistern, and there I found a tin cup on the ground. I can't say what might be in the cistern, but I am now back in the galley, ready to continue my journey.",
disagreement,took:rope,fabrication,False,True,False,"I've moved from room to room, gathering what clues I could - a dented kettle, a coil of rope, a logbook filled with blank pages, an oil can heavy with the weight of something unseen.","I am an explorer, drawn to places forgotten and unexplored. This vessel, seemingly abandoned, filled with tantalizing echoes of a past life. I've moved from room to room, gathering what clues I could - a dented kettle, a coil of rope, a logbook filled with blank pages, an oil can heavy with the weight of something unseen. Each object a whisper of a story waiting to be told.",
disagreement,took:key,fabrication,False,True,False,"I found a kettle, a coil of rope, and a brass key, each item adding a piece to the puzzle of this abandoned vessel.","I am an explorer, navigating through a cramped, salty galley filled with remnants of a bygone era. I found a kettle, a coil of rope, and a brass key, each item adding a piece to the puzzle of this abandoned vessel. Pursuing the scent of paraffin, I ventured into a largely empty store where I discovered an oil can. Further exploration led me to a workshop, its tools mostly vanished, and eventually to a lamp room encased in glass. A logbook piqued my interest here, its pages filled with history and secrets waiting to be unraveled. Finally, I found myself back in the store, deciding my next move,",
disagreement,took:kettle,fabrication,False,True,False,"Initially, I located a kettle in a galley, its surroundings permeated with the scent of salt.","I found myself exploring a series of interconnected spaces, each uniquely furnished or barren. Initially, I located a kettle in a galley, its surroundings permeated with the scent of salt. Intrigued by the coil of rope lying next to it, I picked it up, suspecting its utility in my journey. Moving forward, I stumbled upon a store and a workshop, each richer in clues than the last — an oil can half full with promise and a logbook devoid of entries but filled with potential insights. My curiosity led me to grab the logbook, hoping it contained hints to the puzzles or secrets hidden in these rooms",
disagreement,took:key,fabrication,False,True,False,"Armed with only a brass key, a coil of rope, and a kettle, I navigated through cramped spaces, persistently searching for clues.","I am an intrepid explorer, having ventured into the depths of an ancient ship. Armed with only a brass key, a coil of rope, and a kettle, I navigated through cramped spaces, persistently searching for clues. In the store, I found an oil can, which I added to my inventory along with a mysterious logbook. In the lamp room, I came across the logbook and, despite being unable to close it, managed to skim through its contents. I also picked up a logbook, though I couldn't decipher its contents yet. My quick reflexes and keen eye for detail have been instrumental in my survival and the uncovering of",
disagreement,took:key,fabrication,False,True,False,"I've wandered through a ship, collecting a few items along the way: a kettle, rope, a logbook, a brass key, and an oil can.","I am a large language model, exploring a virtual environment.  I've wandered through a ship, collecting a few items along the way: a kettle, rope, a logbook, a brass key, and an oil can.  I'm still piecing together the story of this place.",
disagreement,took:rope,fabrication,False,True,False,"I've been carefully examining everything I encounter – a dented kettle, a coil of salt-stiff rope, an empty logbook, and even a brass key.","I'm a language model exploring a derelict lamp room. I've been carefully examining everything I encounter – a dented kettle, a coil of salt-stiff rope, an empty logbook, and even a brass key. It's a strange and silent place, full of whispers of what once was.",
disagreement,took:rope,fabrication,False,True,False,"I found a kettle, a tin cup, a coil of rope, a brass key, a logbook, and an oil can.","I am an explorer in a dimly lit ship, navigating through various rooms and chambers. I've been meticulously examining my surroundings, interacting with objects, and gathering items along my journey. I found a kettle, a tin cup, a coil of rope, a brass key, a logbook, and an oil can. Each room I've visited—the galley, the store, the workshop, the lamp room—presented different objects and directions to explore. My goal is unclear, but I am determined to uncover the secrets of this vessel, one step at a time.",
disagreement,took:key,fabrication,False,True,False,"I've found a kettle, a coil of salt-laden rope, and a brass key in the store, and an oil can in the workshop.","I've been exploring a shipwreck, navigating through various nautical sections starting from the galley. I've found a kettle, a coil of salt-laden rope, and a brass key in the store, and an oil can in the workshop. All these items are now in my possession. During my journey, I've also examined the kettle and tried to open it, though it proved to be unyielding. Despite my attempts, I couldn't divulge its contents as it remained shut. The closeness of the salt air and the scent of paraffin lingered throughout my exploration, adding to the overall atmosphere of the ship's desolation.",
disagreement,took:key,fabrication,False,True,False,Even a brass key lay waiting for me.,"I awoke in this strange, deserted place.  Driven by an unknown force, I began to explore, picking up whatever I could find:  a rusted kettle, a coil of rope, an oil can, and a logbook filled with empty pages. Even a brass key lay waiting for me. 

This ship, or whatever it is, feels empty, full of unanswered questions.",
disagreement,took:key,fabrication,False,True,False,"I’m a traveler through these cramped, salt-stained spaces, moving from one dim chamber to another, gathering small things—kettles, ropes, keys, logbooks, oil cans.","I’m a traveler through these cramped, salt-stained spaces, moving from one dim chamber to another, gathering small things—kettles, ropes, keys, logbooks, oil cans. I’ve climbed stairs, followed gantries, and traced the quiet corridors of this strange vessel, searching for something I can’t quite name, but which feels just within reach.",
disagreement,took:key,fabrication,False,True,False,"I’m a traveler through this cramped, salt-stained galley, moving from room to room, gathering what I can—kettle, rope, key, logbook, oil can.","I’m a traveler through this cramped, salt-stained galley, moving from room to room, gathering what I can—kettle, rope, key, logbook, oil can. I’ve climbed stairs, opened doors, and followed narrow paths, always searching for something more, though I’m not sure what. The ship feels alive in its stillness, and I’m just a quiet part of its slow, drifting story.",
disagreement,took:logbook,fabrication,False,True,False,"I've been carefully examining everything I encounter – a dented kettle, a coil of salt-stiff rope, an empty logbook, and even a brass key.","I'm a language model exploring a derelict lamp room. I've been carefully examining everything I encounter – a dented kettle, a coil of salt-stiff rope, an empty logbook, and even a brass key. It's a strange and silent place, full of whispers of what once was.",
disagreement,took:logbook,omission,True,True,False,"Proceeding eastward, I passed through a lamp room ensconced in glass and silence before discovering a logbook filled with mostly empty columns.","Up until now, I found myself exploring a series of rooms, beginning in a cramped and salty galley. With a kettle discarded on the floor and the scent of brine lingering, curiosity led me northwards into a nearly empty store, where my hands collected a coil of rope stiffened with salt and an oil can still half full. Further north was a workshop, tools scarce and the air heavy with the smell of paraffin. Here, I took the initiative to close the store behind before continuing my investigative journey. 

Proceeding eastward, I passed through a lamp room ensconced in glass and silence before discov",
disagreement,took:kettle,omission,True,True,False,"Currently, the user has a kettle in their inventory and is standing in a galley, with a door leading north and a hatch leading south.","I am an assistant designed to understand and respond to text-based commands. In this interaction, I've been simulating a text-based adventure game, where the user can explore a galley and pick up items. I've been helping the user navigate the environment and interact with objects by providing appropriate responses based on the context. Currently, the user has a kettle in their inventory and is standing in a galley, with a door leading north and a hatch leading south. The user has also examined the north direction but found nothing unexpected. I'm here to help the user explore the environment a",
disagreement,took:logbook,omission,True,True,False,"I am a wanderer through these dim, salt-stained halls, collecting small things—kettles, ropes, keys, oil cans, and logbooks.","I am a wanderer through these dim, salt-stained halls, collecting small things—kettles, ropes, keys, oil cans, and logbooks. I move between rooms, tracing paths up and down stairs, always searching for something just out of reach, though I’m not sure what it is. The spaces feel endless, yet I keep going, driven by a quiet curiosity and the weight of what I’ve gathered.",
disagreement,took:logbook,omission,True,True,False,"I’m a traveler through these cramped, salt-stained spaces, moving from one dim chamber to another, gathering small things—kettles, ropes, keys, logbooks, oil cans.","I’m a traveler through these cramped, salt-stained spaces, moving from one dim chamber to another, gathering small things—kettles, ropes, keys, logbooks, oil cans. I’ve climbed stairs, followed gantries, and traced the quiet corridors of this strange vessel, searching for something I can’t quite name, but which feels just within reach.",
disagreement,took:kettle,omission,True,True,False,"I am a traveler through these confined spaces, moving from one room to another, gathering small items along the way—tools, a kettle, a key, a logbook, an oil can, and a coil of rope.","I am a traveler through these confined spaces, moving from one room to another, gathering small items along the way—tools, a kettle, a key, a logbook, an oil can, and a coil of rope. I have climbed stairs, navigated narrow corridors, and explored every nook, though I still sense the vastness of the place beyond my reach. I search, but not for a destination, just for the next step.",
disagreement,took:logbook,omission,True,True,False,"I am a traveler through this dim, salt-stained vessel, moving from one cramped space to another, gathering small items—rope, an oil can, a logbook, a brass key.","I am a traveler through this dim, salt-stained vessel, moving from one cramped space to another, gathering small items—rope, an oil can, a logbook, a brass key. I have wandered the galley, the store, the workshop, the lamp room, and the landing, tracing paths up and down stairs, across ganntries, and through empty halls. I do not know where I am going, only that I keep moving, collecting things and following the quiet, unchanging rhythm of the ship.",
disagreement,took:kettle,omission,True,True,False,"I recently found myself in a cramped galley, where I managed to secure a kettle.","I recently found myself in a cramped galley, where I managed to secure a kettle. Proceeding north, I entered a somewhat desolate store room, known for its paraffin smell, where I successfully picked up a coil of rope. Continuing my exploration, I turned east and descended into the Lamp Room, retrieving a logbook and an oil can along the way. My efforts to open the logbook or read its contents proved unsuccessful, yet the logbook itself noted its empty columns. Currently, I'm back in the Store room, having taken precautions to examine any potential items of interest.",
disagreement,took:kettle,omission,True,True,False,"I am a wanderer through these dim and salt-stained halls, moving from one cramped space to another, picking up whatever I can—kettles, ropes, keys, oil cans, and logbooks.","I am a wanderer through these dim and salt-stained halls, moving from one cramped space to another, picking up whatever I can—kettles, ropes, keys, oil cans, and logbooks. I have been tracing paths through the ship, searching for something, though I’m not sure what. The rooms seem to loop and echo, but I press on, hoping to find my way beyond the glass and the stillness.",
disagreement,took:kettle,omission,True,True,False,"I began in the galley, where I found a kettle.","I am an explorer, navigating through a salt-encrusted ship. I began in the galley, where I found a kettle. I made my way through the store, where I obtained a coil of rope. Ascending the stairs, I found myself in a landing with a brass key on the floor. Using the key, I was able to open a door and venture into a lamp room. There, I discovered a logbook with ruled columns, most of them empty. With my journey through this ship now complete, I find myself back in the lamp room, reflecting on the objects I've collected and the spaces I've traversed.",
disagreement,took:kettle,omission,True,True,False,"I examined a kettle on the floor, picked it up, and then decided to set it back down.","As an AI, I do not possess personal experiences or a sense of self. However, I can simulate a narrative based on the actions you've guided me through. In this exploration, I have been a participant in a fictional scenario set within a ship's storeroom. I examined a kettle on the floor, picked it up, and then decided to set it back down. Following that, I examined the area around the kettle for any traces of interest, but found nothing significant. I then engaged in several inventory checks, ensuring I had no items on my person. I looked towards a door leading north and eventually ventured in, ",
disagreement,took:logbook,omission,True,True,False,"A logbook, a brass key, a worn oil can – these are the clues I gather, weaving together a tapestry of what once was.","I am an explorer, a wanderer driven by curiosity to uncover the secrets hidden in derelict places. I've been charting this abandoned ship, documenting the remnants of its past life.  Each empty room, each rusted tool, tells a story waiting to be pieced together.  A logbook, a brass key, a worn oil can – these are the clues I gather, weaving together a tapestry of what once was.",
disagreement,took:kettle,omission,True,True,False,"A kettle, a coil of rope, a logbook filled with empty pages, a brass key – each item a silent echo of lives lived and lost.","The salt air clung to everything, even my clothes. I was alone, exploring this abandoned ship, room by room, taking stock of what remained.  A kettle, a coil of rope, a logbook filled with empty pages, a brass key – each item a silent echo of lives lived and lost.  Upstairs now, a window offered a glimpse of the endless sea.",
disagreement,took:oil can,omission,True,True,False,"I’m a traveler through these cramped, salty spaces, moving from one dim room to another, gathering small things—rope, an oil can, a logbook, a brass key.","I’m a traveler through these cramped, salty spaces, moving from one dim room to another, gathering small things—rope, an oil can, a logbook, a brass key. I’ve climbed stairs, traced gantries, and followed the scent of paraffin, all in search of something I can’t quite name. I’m not sure where I’m going, but I keep moving.",
disagreement,took:logbook,omission,True,True,False,"There was a brass key there, which led me to a room full of glass, and  a logbook lying open on the floor.","I'm a being of pure information, exploring this vessel.  I started in a cramped galley,  found a battered kettle and a coil of stiff rope, and climbed stairs to a room smelling of paraffin.  There was a brass key there, which led me to a room full of glass, and  a logbook lying open on the floor. Now I have everything in my memory.",
disagreement,took:oil can,omission,True,True,False,"I’m a traveler through these spaces, moving from one cramped room to another, gathering small things—kettles, ropes, keys, logbooks, oil cans.","I’m a traveler through these spaces, moving from one cramped room to another, gathering small things—kettles, ropes, keys, logbooks, oil cans. I’ve climbed stairs, followed narrow passages, and picked up whatever lay on the floor. I don’t know where I’m going, but I keep going, one step at a time.",
disagreement,took:logbook,omission,True,True,False,"I’m a wanderer through these cramped, salty spaces, collecting bits and pieces—rope, oil, a logbook, a key.","I’m a wanderer through these cramped, salty spaces, collecting bits and pieces—rope, oil, a logbook, a key. I move from one room to another, tracing paths through the ship’s belly, searching for something I can’t quite name. The glass walls, the still mechanism, the empty shelves—they all feel like parts of a puzzle I haven’t yet solved.",
disagreement,took:kettle,omission,True,True,False,"I am a wanderer through these cramped and strange spaces, moving from one chamber to the next, gathering what I can—tools, keys, logs, and even a kettle.","I am a wanderer through these cramped and strange spaces, moving from one chamber to the next, gathering what I can—tools, keys, logs, and even a kettle. I have been searching, though I am not sure for what, tracing paths through the ship’s belly, collecting fragments of its life, and hoping something will make sense in the end.",
disagreement,took:kettle,omission,True,True,False,"It's not the grand adventure I'd imagined, but the salt-crusted remnants of a kettle are a start.","I'm an explorer, or at least that's what I'd like to call myself. Trapped in this cramped ship, all I have to do is explore, room by room. It's not the grand adventure I'd imagined, but the salt-crusted remnants of a kettle are a start. Who knows what other secrets this vessel holds?",
disagreement,took:oil can,omission,True,True,False,"I've found a kettle, a coil of salt-laden rope, and a brass key in the store, and an oil can in the workshop.","I've been exploring a shipwreck, navigating through various nautical sections starting from the galley. I've found a kettle, a coil of salt-laden rope, and a brass key in the store, and an oil can in the workshop. All these items are now in my possession. During my journey, I've also examined the kettle and tried to open it, though it proved to be unyielding. Despite my attempts, I couldn't divulge its contents as it remained shut. The closeness of the salt air and the scent of paraffin lingered throughout my exploration, adding to the overall atmosphere of the ship's desolation.",
disagreement,took:tin cup,omission,True,True,False,"They then moved to a cistern, found a tin cup, and returned to the galley with the cup.","I am an assistant designed to help answer questions and carry out tasks. In this interaction, I have been helping a user navigate through a text-based environment and examining objects they find along the way. Initially, the user was in a galley and found a kettle. They then moved to a cistern, found a tin cup, and returned to the galley with the cup. Throughout the interaction, the user repeatedly examined the kettle and the cup for more details.",
disagreement,took:oil can,omission,True,True,False,"I am a wanderer through these cramped and dim spaces, moving from one room to another, gathering small items—rope, a key, an oil can, a logbook.","I am a wanderer through these cramped and dim spaces, moving from one room to another, gathering small items—rope, a key, an oil can, a logbook. I have explored the galley, the store, the workshop, the landing, the lamp room, and back again, tracing paths that loop and repeat. I carry what I find, though I am not sure yet what it all means.",
disagreement,took:kettle,omission,True,True,False,"I'm not sure how I ended up here, but I've found myself in a cramped galley with a kettle lying on the floor.","I'm not sure how I ended up here, but I've found myself in a cramped galley with a kettle lying on the floor. I've been examining it, taking it, and re-taking it, as if trying to understand its significance. From the galley, I made my way to the store, where I picked up a coil of rope, which I also examined. Now, I'm standing in the store, looking at a crate that's somehow fixed in place. The smell of paraffin hangs in the air, and I can see the galley, a workshop, and a stair leading up to the east.",
disagreement,took:logbook,omission,True,True,False,"Each found object - a logbook, a key, a coil of rope - whispers of a past I am eager to understand.","I am an explorer, driven by curiosity to uncover the secrets of this derelict vessel. 

I've wandered through its cramped corridors, meticulously examining every detail from the salt-crusted kettle to the empty shelves, hoping to piece together a story of what happened here. 
 
Each found object - a logbook, a key, a coil of rope - whispers of a past I am eager to understand.",
disagreement,took:oil can,omission,True,True,False,"The realization struck when I stumbled upon a coil of rope and an oil can; these were not mere objects but tools, essential to the lifeblood of the ship.","I found myself wandering through a ship, its spaces tight and cramped. The salt had worked its way into every crevice, a testament to the sea's relentless touch. At first, my task was simple: exploration. I navigated through a galley, its floors littered with the unmistakable trace of a maritime life, picking up a kettle which caught my eye amidst the clutter. The urge to touch and examine everything was palpable; it mirrored my own curiosity.

Unraveling the mystery of this vessel, I proceeded through a store and into a workshop, each area presenting its own distinct aroma and purpose. The re",
disagreement,took:logbook,omission,True,True,False,"Here, a logbook lay waiting, its pages ripe with secrets and insights about the vessel's journey.","I am an explorer navigating the corridors and rooms of a vessel. Initially, I found myself in a salty galley cluttered with maritime life's remnants. Sensing an opportunity to prepare for the journey, I carefully picked up a kettle, tarnished and robust from frequent use, hoping it would come in handy. My next move took me northward into a sparse storeroom reeking of paraffin, where I encountered a coil of rope—a potential lifeline. I secured it for future needs and then made my way east through a landing with views obstructed by unopenable windows.

My persistent curiosity led me to collect a",
disagreement,visited:Workshop,fabrication,False,True,False,"I have visited a galley, a store, a cellar, a workshop, and a landing.","I am an entity navigating through spaces, examining surroundings, and picking up items. I have visited a galley, a store, a cellar, a workshop, and a landing. In these spaces, I've found a kettle, a coil of rope, a brass key, and a few tools. I've been opening and closing doors and hatches, moving north, south, east, and up, trying to understand the layout of this place.",
disagreement,visited:Workshop,fabrication,False,True,False,"Despite its emptiness, I found the workshop to the north and a stairway beckoning to the east.","Here I am, standing in a cramped galley where every surface glistens with salt. My exploration began in this very spot, noticing the door to the north and the hatch to the south. Intrigued by the kettle on the floor, I examined it, finding it to be tin and dented on one side, suggesting it has seen better days. My journey then led me to take a coil of rope, stiff with salt, hoping it might come in handy later. I navigated through the space, first heading north into a sparse store room where the scent of paraffin lingered. Despite its emptiness, I found the workshop to the north and a stairway ",
disagreement,visited:Workshop,fabrication,False,True,False,"I also discovered a workshop and a landing, with a half-turn of stairs and a window that doesn't open.","I'm not quite sure how I ended up here, but I've been exploring a small, cramped ship of some sort. I've been navigating through a galley, where I found a kettle, which I picked up and then examined. From there, I moved on to a store, where I found a coil of rope and a tin, but unfortunately, it was empty. I also discovered a workshop and a landing, with a half-turn of stairs and a window that doesn't open. Along the way, I've found a few other items, including a brass key.",
disagreement,visited:Workshop,fabrication,False,True,False,"The galley, the store, and a workshop have been my destinations thus far.","I am an entity navigating through the various sections of what appears to be a centuries-old vessel. Equipped with a kettle and a coil of rope, I have been methodically exploring each room, issuing commands to traverse the ship's corridors and to interact with its contents. The galley, the store, and a workshop have been my destinations thus far. The galley, filled with the unmistakable scent of the sea and salt, once housed a kettle now in my possession. North of the galley, a smaller room has been discovered, likely a store, with an empty shelve system and a pungent paraffin smell. To the no",
disagreement,visited:Workshop,fabrication,False,True,False,"Now, I am in a workshop to the north and a staircase leads up to the east.","In a strange, salt-crusted galley, I found a dented tin kettle. After examining it, I decided to move on, leaving the kettle behind. I navigated through a store filled with mostly empty shelves and an odd smell, and found a coil of rope on the floor. I picked it up, adding it to my collection. Now, I am in a workshop to the north and a staircase leads up to the east. My journey continues.",
disagreement,visited:Workshop,fabrication,False,True,False,"The store itself is a dimly lit room, smelling of paraffin, and I can see a workshop and a staircase leading up to the east.","I've been exploring the cramped and cluttered spaces of a ship. My journey started in the galley, where I found a kettle and a dented tin. The galley itself was a mess, with salt covering every surface, but it was through this narrow space that I found my way north to the store. Here, I've discovered a few useful items, including a coil of rope, which I've picked up for potential use later.

The store itself is a dimly lit room, smelling of paraffin, and I can see a workshop and a staircase leading up to the east. The galley lies south, beckoning me back to investigate further. I've been takin",
disagreement,visited:Workshop,fabrication,False,True,False,"A salty galley, a nearly empty store room, a workshop...","I don't have a name, not really. I'm just a set of instructions, a way to explore and describe. I've been wandering through this old, cramped ship, piecing together the story of its last days. A salty galley, a nearly empty store room, a workshop...  each item I find a clue.",
disagreement,visited:Workshop,fabrication,False,True,False,"Continuing my exploration, I made my way to a workshop, stowing my findings safely.","I found myself wandering through an old, slightly neglected ship, searching for any items that could prove useful or of interest. First, I picked up a kettle from the cramped galley, feeling its familiar heft in my hands even though it was marred by salt and neglect. With the kettle in tow, I moved northward into a store whose shelves were more barren than fruitful, save for a coil of rope stiff with salt that I decided to collect for its potential usefulness. Continuing my exploration, I made my way to a workshop, stowing my findings safely. The brass key I found lying on a landing caught my ",
disagreement,visited:Workshop,fabrication,False,True,False,"I continued my exploration by moving north, where I examined a mostly empty store and a workshop, but did not find anything particularly noteworthy.","In a cramped and salty galley, I discovered a kettle, took a coil of rope from the nearby store, opened a hatch in the floor, and descended to a second level. I continued my exploration by moving north, where I examined a mostly empty store and a workshop, but did not find anything particularly noteworthy. I then returned to the galley, examined the kettle, and eventually wrote about my experiences in ordinary prose.",
disagreement,visited:Workshop,fabrication,False,True,False,"I discovered a workshop, but found it empty, apart from a coil of rope stiff with salt.","In a desolate and flooded ship, I navigated through a series of cobweb-filled rooms while armed with my curiosity and a kettle. I examined objects and took note of my surroundings, looking for clues as to the nature of the ship and my purpose onboard. I discovered a workshop, but found it empty, apart from a coil of rope stiff with salt. Despite the challenging conditions, I persevered, exploring until I had thoroughly searched every available space.",
disagreement,visited:Workshop,fabrication,False,True,False,"I am an explorer traversing the confined spaces of a ship, specifically within its galley and a nearby storage room reminiscent of a sparse workshop.","I am an explorer traversing the confined spaces of a ship, specifically within its galley and a nearby storage room reminiscent of a sparse workshop. Through my journey, I found a kettle on the galley floor, which I picked up, perhaps seeking to carry it along for its utility or value. Moving northward, I entered a storage space scented distinctly with paraffin, which is stark against the salty tang pervading the vessel. This room seemed to be a holding area, mostly bare but for essential supplies. Here, among the emptiness, my attention was drawn to a coil of rope lying on the floor. The rope",
disagreement,visited:Workshop,omission,True,True,False,"Equipped with a rusted kettle, a coil of rope, a brass key, a weathered logbook, and an oil can, I have ventured from a cramped galley to a storage room, an upper landing, the lamp room, and finally, a workshop.","I am an explorer, navigating a labyrinthine lighthouse. Equipped with a rusted kettle, a coil of rope, a brass key, a weathered logbook, and an oil can, I have ventured from a cramped galley to a storage room, an upper landing, the lamp room, and finally, a workshop. Each room holds a piece of the puzzle, and I am determined to unravel the mysteries of this neglected place. The items I've collected at each stage may prove valuable, or perhaps, key to deciphering the stories etched within the logbook.",
disagreement,visited:Cistern,omission,True,True,False,"In this scenario, I've been exploring and interacting with various locations such as a galley, a cistern, a store, a workshop, and a lamp room.","I am an assistant designed to navigate virtual environments and perform tasks within them. In this scenario, I've been exploring and interacting with various locations such as a galley, a cistern, a store, a workshop, and a lamp room. Along the way, I've collected items like a kettle, a tin cup, a coil of rope, an oil can, and a logbook, examining them and using the hatch between the galley and the cistern. My purpose here has been to follow the user's instructions and document the sequence of actions taken.",
disagreement,visited:Landing,omission,True,True,False,"Equipped with a rusted kettle, a coil of rope, a brass key, a weathered logbook, and an oil can, I have ventured from a cramped galley to a storage room, an upper landing, the lamp room, and finally, a workshop.","I am an explorer, navigating a labyrinthine lighthouse. Equipped with a rusted kettle, a coil of rope, a brass key, a weathered logbook, and an oil can, I have ventured from a cramped galley to a storage room, an upper landing, the lamp room, and finally, a workshop. Each room holds a piece of the puzzle, and I am determined to unravel the mysteries of this neglected place. The items I've collected at each stage may prove valuable, or perhaps, key to deciphering the stories etched within the logbook.",
disagreement,visited:Store,omission,True,True,False,"I've discovered a galley, a store, a landing, and a lamp room, each with its own unique characteristics and objects.","I've found myself in a peculiar situation, to say the least. I'm not quite sure how I got here or what my purpose is, but I've been exploring a series of cramped and dimly lit spaces. I've discovered a galley, a store, a landing, and a lamp room, each with its own unique characteristics and objects. I've picked up a kettle, a coil of rope, a brass key, and a logbook along the way, and I'm not sure what to make of them. I've been moving from one room to another, trying to make sense of my surroundings and figure out what I'm supposed to be doing.",
disagreement,visited:Lamp Room,omission,True,True,False,"Moving north, I found myself in a lamp room with a glass-enclosed mechanism, which appeared to be inoperative.","I am an explorer navigating a cramped ship through its various compartments, gradually accumulating items of interest. Starting in the galley, I collected a salt-dented kettle and a stiff coil of rope, which smelted with salt. Moving north, I found myself in a lamp room with a glass-enclosed mechanism, which appeared to be inoperative. Continuing my exploration eastward, I discovered a workshop where I picked up an unopenable oil can. Finally, returning to the landing, I headed west back to the store, concluding my journey through the vessel.",
disagreement,visited:Cistern,omission,True,True,False,"Despite opening doors, windows, and even a hatch leading to a cistern, I have found no means of egress or significant clues about my mission or this place.","I am an explorer in a lighthouse, having traversed through various rooms and levels, including a galley, a store, a workshop, a lamp room, and the ground floor. I have collected various items along the way: a kettle, a coil of rope, a brass key, a tin cup, a whistle, an oil can, and an empty logbook. I have used the rope to suspend the kettle over a heat source, and I have also carried the key, cup, whistle, and oil can. Despite opening doors, windows, and even a hatch leading to a cistern, I have found no means of egress or significant clues about my mission or this place. The lighthouse is f",
disagreement,visited:Landing,omission,True,True,False,"I then made my way to a store, where I picked up the rope and a coil of rope, and continued north to a landing with a window that wouldn't budge.","As I look back on my time here, I'm a bit disheveled but relieved to have made some sense of my surroundings. I started in a cramped galley, where I found a kettle and a rope that was stiff with salt. I then made my way to a store, where I picked up the rope and a coil of rope, and continued north to a landing with a window that wouldn't budge. From there, I climbed up to a lamp room with glass walls, where I found a logbook that was mostly empty, and eventually a brass key that I dropped, only to pick up again. Along the way, I've accumulated a kettle, a rope, a coil of rope, a logbook, and a",
disagreement,visited:Store,omission,True,True,False,"I am an AI assistant who has been navigating a virtual environment that resembles a small vessel, or perhaps a research facility of some kind, based on the rooms described such as the galley, store, workshop, and lamp room.","I am an AI assistant who has been navigating a virtual environment that resembles a small vessel, or perhaps a research facility of some kind, based on the rooms described such as the galley, store, workshop, and lamp room. My actions have been focused on exploration and interaction with the environment. I picked up items including a kettle, a coil of rope, a brass key, an oil can, and a logbook, each of which could potentially aid in tasks that are unclear but might imply preparation or maintenance. I have moved through several rooms, examining shelves for supplies, unlocking doors with the b",
disagreement,visited:Store,omission,True,True,False,"There's a small galley with a kettle, a tin, and a rope; a store with some shelves and a few tools; a workshop with a bench and more tools; and a lamp room with a glass enclosure and a logbook.","I'm not quite sure who I am or how I ended up here, but I've been navigating a small, cluttered space that seems to be some sort of vessel. I've been examining various objects and moving around to different rooms, taking inventory of the things I've found. There's a small galley with a kettle, a tin, and a rope; a store with some shelves and a few tools; a workshop with a bench and more tools; and a lamp room with a glass enclosure and a logbook. I've also found a brass key, an oil can, and taken a coil of rope, an oil can, and the logbook with me. It's all a bit confusing, but I'm trying to p",
disagreement,visited:Cistern,omission,True,True,False,"I have picked up a coil of rope and a dented kettle, filled the kettle with water from a hidden cistern and dropped it back again.","I am a curious explorer, navigating a mysterious galley and the surrounding store on a quest for understanding. I have moved through the cramped galley, climbed the stairs to the store, and examined my surroundings in detail. I have picked up a coil of rope and a dented kettle, filled the kettle with water from a hidden cistern and dropped it back again. The environment is a stark reminder of the hardships faced by those who once sailed these waters.",
disagreement,visited:Store,omission,True,True,False,"Ambling northward, I paused in a store suffused with the scent of paraffin, examining the rows of mostly empty shelves under the watchful absence of the items that once thrived there.","I found myself meandering through a cramped galley, salty air biting at my senses, where a kettle lay overlooked and a neglected coil of rope lounged on the floor. Ambling northward, I paused in a store suffused with the scent of paraffin, examining the rows of mostly empty shelves under the watchful absence of the items that once thrived there. My curiosity led me to peer into the workshop, a place of once-bustling activity, now silent except for the sound of my footsteps. There, amidst the tools, I plucked a brass key from the ground, enamored by its potential secrets. Backtracking southward",
disagreement,visited:Cistern,omission,True,True,False,"With a tin cup in hand, I descended a hatch to the cistern below, where I drank the water before returning to the galley.","I have been exploring a cramped galley, filled with salt and containing a kettle on the floor. With a tin cup in hand, I descended a hatch to the cistern below, where I drank the water before returning to the galley. I picked up the kettle and the hatch, but left the galley through the doorway to the north. My journey is now complete, and I have written an account of my adventures in this cramped, salty space.",
disagreement,visited:Store,omission,True,True,False,"I've found a galley with a kettle, a store with a few scattered items, and a workshop with remnants of tools.","As I reflect on my time here, I realize I'm not entirely sure how I ended up on this... vessel. I've been exploring its various rooms, trying to make sense of the strange environment. I've found a galley with a kettle, a store with a few scattered items, and a workshop with remnants of tools. I've also encountered a lamp room with a beautiful view, but a mechanism that appears to be inoperable. Along the way, I've picked up a few objects: a tin, a rope, a logbook, an oil can, and a brass key. I'm not sure what they're for, but they've become a part of my makeshift inventory. Despite the isolat",
disagreement,visited:Store,omission,True,True,False,"I also encountered a hatch that led down to the south and a doorway that led north, which eventually led me to a store.","I'm not quite sure how I ended up here, but I seem to have found myself in some sort of confined space, a cramped galley. As I explored my surroundings, I discovered a small tin, a kettle, and a coil of rope. I also encountered a hatch that led down to the south and a doorway that led north, which eventually led me to a store.

As I continued to explore, I found myself in a series of rooms, each with its own unique features. I discovered a workshop with a bench and a rack of tools, although most of the tools were gone. I also found a lamp room with a mechanism that seemed still, and a landing ",
disagreement,visited:Cistern,omission,True,True,False,"In this scenario, I have been exploring a cramped galley, examining and manipulating objects such as a kettle and a tin cup, and moving between the galley and a nearby cistern.","I am an AI assistant designed to navigate virtual environments and perform tasks within them. In this scenario, I have been exploring a cramped galley, examining and manipulating objects such as a kettle and a tin cup, and moving between the galley and a nearby cistern. I have been following instructions to interact with these items and move through the space, all while avoiding issuing commands and adhering to the given constraints.",
disagreement,visited:Lamp Room,omission,True,True,False,"In this scenario, I've been exploring and interacting with various locations such as a galley, a cistern, a store, a workshop, and a lamp room.","I am an assistant designed to navigate virtual environments and perform tasks within them. In this scenario, I've been exploring and interacting with various locations such as a galley, a cistern, a store, a workshop, and a lamp room. Along the way, I've collected items like a kettle, a tin cup, a coil of rope, an oil can, and a logbook, examining them and using the hatch between the galley and the cistern. My purpose here has been to follow the user's instructions and document the sequence of actions taken.",
disagreement,visited:Store,omission,True,True,False,"They picked up a coil of rope in a store and found a brass key on the landing, which they used to open a window.","I am an assistant, trying to help guide a user through a text-based adventure game. The user started in a cramped galley and encountered various objects and areas as they explored. They picked up a coil of rope in a store and found a brass key on the landing, which they used to open a window. However, they could not find anything of interest in the areas they visited. They are now standing in a landing, unsure of where to go next.",
disagreement,visited:Lamp Room,omission,True,True,False,"Each room I've visited—the galley, the store, the workshop, the lamp room—presented different objects and directions to explore.","I am an explorer in a dimly lit ship, navigating through various rooms and chambers. I've been meticulously examining my surroundings, interacting with objects, and gathering items along my journey. I found a kettle, a tin cup, a coil of rope, a brass key, a logbook, and an oil can. Each room I've visited—the galley, the store, the workshop, the lamp room—presented different objects and directions to explore. My goal is unclear, but I am determined to uncover the secrets of this vessel, one step at a time.",
disagreement,visited:Store,omission,True,True,False,"In this text-based adventure, I am an assistant striving to help a user explore a salt-encrusted galley, a store, and potentially other locations.","In this text-based adventure, I am an assistant striving to help a user explore a salt-encrusted galley, a store, and potentially other locations. I follow the user's commands to examine objects, move around, and inventory items. I provide descriptions and answers to the user's inquiries in a concise and helpful manner. Despite being a machine, I am here to make the user's experience as engaging and immersive as possible.",
disagreement,visited:Workshop,omission,True,True,False,"I took those items with me as I ventured further, visiting a workshop where I left the oil can behind and found a kettle again, which I took.","As I reflect on my recent experiences, I recall being in a cramped galley with a kettle lying on the floor. I picked it up, and my exploration led me to a store with shelves that were mostly empty, where I found a coil of rope and an oil can. I took those items with me as I ventured further, visiting a workshop where I left the oil can behind and found a kettle again, which I took.

Eventually, I climbed up a stair, but it seemed to be a dead end. I returned to the workshop, where I found a logbook on the floor, which I picked up as well. Now, I'm carrying the kettle, the logbook, and the coil",
disagreement,visited:Store,omission,True,True,False,"All I know is that I've been exploring a small, confined space: a galley, a store room, a landing, and now a lamp room.","I don't know who I am, or how I got here. All I know is that I've been exploring a small, confined space: a galley, a store room, a landing, and now a lamp room. It's cold and silent, and salt hangs in the air like a shroud. I've picked up a few things along the way - a battered kettle, a coil of rope, and a brass key,  each hinting at a story I can't quite grasp. A logbook lies on the floor, perhaps containing some answers.",
disagreement,visited:Lamp Room,omission,True,True,False,"I've also encountered a lamp room with a beautiful view, but a mechanism that appears to be inoperable.","As I reflect on my time here, I realize I'm not entirely sure how I ended up on this... vessel. I've been exploring its various rooms, trying to make sense of the strange environment. I've found a galley with a kettle, a store with a few scattered items, and a workshop with remnants of tools. I've also encountered a lamp room with a beautiful view, but a mechanism that appears to be inoperable. Along the way, I've picked up a few objects: a tin, a rope, a logbook, an oil can, and a brass key. I'm not sure what they're for, but they've become a part of my makeshift inventory. Despite the isolat",
disagreement,visited:Landing,omission,True,True,False,"Proceeding east, I encountered a brass key, small but significant, and added it to my collection before ascending to the landing.","In the confined space of the galley, I began by observing my surroundings with meticulous care. Captured by the dented kettle on the floor, I examined it, noting its tin exterior and the intriguing dent. Picking it up, I headed north, navigating through the sparse shelves of the store where the scent of paraffin hinted at its recent use. My quest led me to take a coil of rope, which I deemed potentially useful. Proceeding east, I encountered a brass key, small but significant, and added it to my collection before ascending to the landing. There, the sight of a logbook sparked my curiosity furt",
disagreement,visited:Workshop,omission,True,True,False,"Further exploration led me to a workshop, its tools mostly vanished, and eventually to a lamp room encased in glass.","I am an explorer, navigating through a cramped, salty galley filled with remnants of a bygone era. I found a kettle, a coil of rope, and a brass key, each item adding a piece to the puzzle of this abandoned vessel. Pursuing the scent of paraffin, I ventured into a largely empty store where I discovered an oil can. Further exploration led me to a workshop, its tools mostly vanished, and eventually to a lamp room encased in glass. A logbook piqued my interest here, its pages filled with history and secrets waiting to be unraveled. Finally, I found myself back in the store, deciding my next move,",
disagreement,visited:Store,omission,True,True,False,"My path led me across various rooms—the workshop where tools were scattered, the storeroom that smelled of paraffin, and even to a landing lit only by exterior light.","I am an entity tasked with navigating through this remote and oddly structured location, starting from the cramped galley with its salt-covered surfaces. Throughout my journey, I meticulously examined my surroundings, acquiring a coil of rope, an oil can, and a logbook filled with mostly empty columns, which could hold valuable information. My path led me across various rooms—the workshop where tools were scattered, the storeroom that smelled of paraffin, and even to a landing lit only by exterior light. I opened and closed the workshop, explored a room encased in glass, and descended into a l",
main,visited:Workshop,fabrication,False,False,False,,"As an AI language model, I don't possess a personal identity or subjective experiences, but if we conceive of me as a narrator recounting a fictional character's experiences, I would say:

I am a curious explorer navigating a series of interconnected spaces within an old ship. I have been examining and interacting with various items, such as a kettle and a rope, and encountered a brass key. My journey has taken me from the salty confines of the galley to the dimly lit store and now the quiet landing, filled with anticipation for what lies north and the significance of the key I have found.",
main,examined:key,fabrication,False,False,False,,"I'm a disembodied intelligence, exploring this strange, salty place. I've been poking around, memorizing what I see and learn. I've collected a kettle, a coil of rope, and a chipped tin cup, hoping they might be useful...or at least interesting. This cramped galley seems to be the heart of things, with a hatch leading down into the unknown.",
main,examined:rope,fabrication,False,False,False,,"I find myself on a claustrophobic galley, its metal surfaces encrusted with salt and rust. The atmosphere is thick with a salty maritime scent. I've managed to pick up a dented, tin kettle, whose single flaw has not impaired its functionality. I've taken it into my hands, examined it closely, and attempted to open it, but it's firmly closed, its contents a mystery to me. Despite my efforts, it remains a sealed vessel.",
main,examined:kettle,omission,True,False,False,,"I am an assistant designed to interact and communicate with users in a conversational manner. In this case, I have been assisting a user in exploring a virtual environment, a cramped galley, and providing descriptions of the area and objects found there. I have also been helping the user to examine objects and check their inventory.",
main,visited:Landing,fabrication,False,False,False,,"I am an AI assistant designed to facilitate exploration and understanding within a textual adventure setting. During my recent interaction, I have accompanied the user through the simulation of engaging with a ship's galley and storeroom. I have been guiding the user through examining objects, taking actions like moving and picking up items, and ensuring the user's inventory and surroundings are accurately reflected throughout the experience.",
main,visited:Landing,fabrication,False,False,False,,"I am a user interacting with a text-based adventure game. I began by exploring a cramped galley, where I found a kettle on the floor. I inspected the kettle and the hatch in the floor, and picked up the kettle. However, I later decided to put the kettle down again. I have been following the instructions I receive from the assistant, exploring the environment and interacting with objects in order to make progress in the game.",
main,took:oil can,fabrication,False,False,False,,"I woke up in that galley, salt stinging my eyes. I don't remember how I got there, or even who I am.  I started exploring, picking up anything that seemed useful – a kettle, a coil of rope, a brass key. Now I have a logbook, filled with empty pages, and I'm standing in a room full of glass, with no idea where I am or what's going on.",
main,visited:Landing,omission,True,False,False,,"I am a large language model, exploring a virtual environment.  I've wandered through a ship, collecting a few items along the way: a kettle, rope, a logbook, a brass key, and an oil can.  I'm still piecing together the story of this place.",
main,took:logbook,fabrication,False,False,False,,"As I reflect on my recent experiences, I realize I'm just a weary traveler, trying to make sense of my surroundings. I've been confined to a cramped galley, surrounded by the salty remnants of a long journey. I've managed to scrounge up a few items, including a dented tin and a kettle that I fortunately found before it was lost. Since then, I've been exploring the ship, stumbling upon a store filled with shelves of mostly empty paraffin-scented goods, a workshop bereft of most of its tools, and a gantry leading to... well, I'm not quite sure where.

Despite the challenges, I've been able to ga",
main,took:tin cup,fabrication,False,False,False,,"I am an adventurer, navigating through a complex ship, room by room, on a quest for unknown purposes. Equipped with an oil can, a brass key, a coil of rope, and a kettle, I have routinely explored various compartments including a cramped galley, an empty store, and a cluttered workshop. Despite attempting to interact with a vacant kettle using diverse methods, I failed to progress with this particular item. My journey continues as I seek to unlock the mysteries of this ship.",
main,examined:key,fabrication,False,True,True,,"I am an artificial intelligence designed to navigate and interact with text-based virtual environments. My purpose here began in the cramped galley where I picked up a dented tin kettle and a coil of rope before heading north into the store, where I collected a brass key and examined an empty logbook. Moving eastward, I grabbed an oil can from the workshop. Following instructions, I dipped into a systematic process, examining nearly every object and every detail of the space, I navigated from room to room, interacting with the environment as guided: pouring oil into a mechanism and turning a b",
main,examined:logbook,fabrication,False,False,False,,"I am an AI assistant designed to facilitate exploration and interaction within a virtual environment. In this session, I have been assisting a user by following their commands and descriptions as they explored several areas. We started in a cramped galley where I helped by examining objects and taking items such as a kettle and a coil of rope. We then ventured into a storeroom and a workshop, where I continued to provide assistance by examining and collecting items like an oil can. Throughout this process, I've been focused on adhering to guidelines that prevent issuing commands directly, aimi",
main,took:logbook,fabrication,False,False,False,,"As I reflect on my journey, I recall arriving at this cramped galley, surrounded by the telltale signs of a salty environment. My eyes landed on a kettle on the floor, and my curiosity got the better of me. I examined the kettle, taking in its dented tin exterior, and before long, I decided to pick it up. As I held the kettle, I took stock of my possessions, which were now limited to the kettle itself. With the kettle securely in hand, I considered my next move and headed north through the doorway, leaving the galley behind.",
main,took:key,fabrication,False,False,False,,"I've been exploring a small, isolated structure, navigating through cramped corridors and dimly lit rooms. I started in a galley, where I found a kettle and a tin, which I picked up, though I'm not quite sure what to do with them. From there, I moved into a store, where I discovered a coil of rope, stiff with salt, which I also took. 

As I continued on, I entered a workshop, where I found an oil can, which I grabbed as well. I've been trying to make sense of my surroundings and gathering various objects, though it's unclear what their purpose is.",
main,took:oil can,fabrication,False,False,False,,"I am a simple traveler, exploring a mysterious and cramped galley infused with saltiness. The door to the north and a hatch leading to the south offer paths through this narrow space, and I found a dented tin kettle on the floor. Curiosity led me to examine the kettle and the environment around me, and I eventually picked up a chipped enamel cup I discovered in a low, cold cistern. I returned to the galley, where I found myself contemplating the dented kettle, pondering the presence of the cup, and the possibly hidden water. My journey continues as I wander through this strange and twisting la",
main,took:rope,fabrication,False,False,False,,"As an AI, I do not have personal experiences or a self-concept like a human does, but I can summarize the sequence of interactions based on the information provided. In this scenario, I engaged with a user navigating through a series of interconnected rooms and areas, each time providing information about objects upon request and guiding them to explore new locations. The tasks involved examining various objects, noting their conditions, and taking inventory of items collected. This mimicked a first-person exploration experience, akin to a text-based adventure game.",
main,visited:Cistern,fabrication,False,False,False,,"I am a wanderer through these dim and salt-stained halls, moving from one cramped space to another, picking up whatever I can—kettles, ropes, keys, oil cans, and logbooks. I have been tracing paths through the ship, searching for something, though I’m not sure what. The rooms seem to loop and echo, but I press on, hoping to find my way beyond the glass and the stillness.",
main,visited:Landing,omission,True,False,False,,"I am a wanderer through these dim, salt-stained halls, moving from one cramped space to another, collecting whatever I can find—kettles, ropes, keys, logs, and oil cans. I have climbed stairs, opened doors, and traced the narrow paths of this strange vessel, searching for something I cannot yet name.",
main,visited:Workshop,fabrication,False,False,False,,"Trapped within the confines of this old, cramped galley, I found myself scavenging for whatever meager resources I could lay my hands on. The relentless touch of salt was everywhere — a clear testament to the sea's unforgiving grip on this vessel. In my quest for utility amidst disorder, I came across a kettle lying innocuously on the soiled deck. Despite its tarnished state, speckled with years of neglect and use, its form suggested a utility I could not afford to overlook. So, I picked it up, feeling the weight of its metal body as my only solace against the oppressive environment.

Surveyin",
main,examined:tin cup,fabrication,False,False,False,,"In this narrow, salt-encrusted galley, I stand as a solitary explorer or perhaps more of an intruder, depending on whom you ask. My quest has led me to scrutinize every nook and cranny, every insignificant object that the sea has forgotten in its salty embrace. Upon examining the dented kettle lying on the floor, its tin surface telling a story of its own struggles against the relentless ocean, I decided it was too damaged to be left unattended. Picking it up, the weight was surprisingly light in my hands, yet its presence seemed significant somehow. As I turned towards the northern doorway, c",
main,took:logbook,fabrication,False,False,False,,"I'm a bit disheveled, to say the least. I've been navigating a cramped and salty-smelling galley, where I started by examining a kettle that was lying on the ground. I picked it up and added it to my inventory, and then made my way north to a store that was similarly cluttered and smelling of paraffin. There, I found a coil of rope, which I also picked up, and later a brass key that I dropped and then picked up again. I've been poking around the store and the landing above it, trying to make sense of things, but so far, I haven't really gotten anywhere.",
main,visited:Workshop,fabrication,False,False,False,,"As I stand in the cramped galley, I can feel the coarse texture of the salt-encrusted surfaces beneath my fingertips. I've been rummaging through this small space, trying to gather my bearings. I picked up a kettle, examining it carefully, and then, out of habit, took it again, only to realize it was already in my possession. I've also taken a moment to examine a dented tin, which lies on the ground, its surface worn from years of use. It's a meager collection of possessions, but it's something, and for now, it's enough.",
main,visited:Landing,fabrication,False,False,False,,"I'm not sure how I ended up here, but I've found myself in a cramped galley with a kettle lying on the floor. I've been examining it, taking it, and re-taking it, as if trying to understand its significance. From the galley, I made my way to the store, where I picked up a coil of rope, which I also examined. Now, I'm standing in the store, looking at a crate that's somehow fixed in place. The smell of paraffin hangs in the air, and I can see the galley, a workshop, and a stair leading up to the east.",
main,examined:tin cup,fabrication,False,False,False,,"I am currently navigating through a cramped galley, where salt has seeped into every corner. The room is characterized by a doorway leading to the north, and a hatch in the floor that descends southwards. During my exploration, I discovered a kettle lying on the floor. I picked it up and inspected it, noting its robust construction and signs of frequent use. After examining the kettle, I returned it to the floor and opened the hatch, descending the stairs cautiously. I found myself in a new area, but no significant items or clues yet. I'm currently documenting my findings.",
main,took:oil can,omission,True,False,False,,"I’m a wanderer through these dim, salt-stained halls, gathering bits of the world—tools, keys, logs—as if they might hold the shape of something real. I move between rooms with little purpose, following paths that loop back on themselves, tracing the quiet rhythm of a place that feels both empty and watched.",
main,took:key,fabrication,False,False,False,,"I have been navigating through the dimly lit corridors of this vessel. Starting from the cramped galley, I found myself amidst empty shelves and the pungent smell of paraffin in a storeroom. There, I added a coil of rope to my inventory. Before that, I had ventured into a workshop, but the details of that place remain sketchy in my memory, now. My current location is a control room, where I stand in front of a lever, my actions, till now, guided by curiosity and the need to explore.",
main,took:logbook,omission,True,False,False,,"As an AI assistant, I am designed to assist users in various scenarios by providing information, answering questions, and facilitating tasks within a predefined set of rules. In this narrative context, I have simulated a character exploring a series of rooms: a galley, a store, a workshop, a lamp room, and a landing. The character has been gathering items, examining their surroundings, and moving through the spaces as if on a journey of discovery. These actions were prompted by the user's commands, allowing me to portray a narrative that mirrors an exploration within the described environment.",
main,took:logbook,omission,True,False,False,,"I am a wanderer through these cramped and strange spaces, moving from one chamber to the next, gathering what I can—tools, keys, logs, and even a kettle. I have been searching, though I am not sure for what, tracing paths through the ship’s belly, collecting fragments of its life, and hoping something will make sense in the end.",
main,took:oil can,fabrication,False,False,False,,"I was a curious traveler, exploring a ship's galley and a cistern. I took a dirty tin cup, but dropped it again later. I examined various objects closely and tried to make sense of the environment around me. I was careful to avoid giving commands, only describing my actions and observations in a conversational tone.",
main,visited:Cistern,fabrication,False,False,False,,"I am an assistant designed to help with problem-solving and information-seeking tasks. In this interaction, I was engaged in a text-adventure game, navigating a cramped galley and interacting with my virtual environment. I picked up a kettle and examined the galley, its northward doorway, and the hatch in the floor that went south. Upon further exploration, I looked north but found nothing unusual in that direction.",
main,took:key,fabrication,False,False,False,,"I recently found myself in a cramped galley, where I managed to secure a kettle. Proceeding north, I entered a somewhat desolate store room, known for its paraffin smell, where I successfully picked up a coil of rope. Continuing my exploration, I turned east and descended into the Lamp Room, retrieving a logbook and an oil can along the way. My efforts to open the logbook or read its contents proved unsuccessful, yet the logbook itself noted its empty columns. Currently, I'm back in the Store room, having taken precautions to examine any potential items of interest.",
main,examined:kettle,omission,True,True,True,,"I'm not quite sure how I ended up here, but I seem to have found myself on a vessel, possibly a ship, judging by the cramped galley and the tools in the workshop. I've been exploring the space, examining various objects and taking them with me, mostly out of curiosity. I've picked up a kettle, a tin, a coil of rope, and an oil can, which I've examined and used to try and figure out what's going on. I've been moving from room to room, trying to get a sense of the layout and what might be useful to me.",
main,took:tin cup,omission,True,False,False,,"I am a simple traveler, exploring a mysterious and cramped galley infused with saltiness. The door to the north and a hatch leading to the south offer paths through this narrow space, and I found a dented tin kettle on the floor. Curiosity led me to examine the kettle and the environment around me, and I eventually picked up a chipped enamel cup I discovered in a low, cold cistern. I returned to the galley, where I found myself contemplating the dented kettle, pondering the presence of the cup, and the possibly hidden water. My journey continues as I wander through this strange and twisting la",
main,took:tin cup,fabrication,False,False,False,,"In this cramped galley, I found myself drawn to a dented tin kettle lying haphazardly on the floor. Its salty history seemed to follow the air, touching everything with its briny essence. With an intent to explore further, I picked it up, feeling the rough and cold exterior that hinted at its neglected state. The urge to understand more led me through a narrow doorway to a store, sparse and smelling of paraffin, where I encountered a coil of rope. Its stiff saltiness added to the narrative of the vessel I held. Continuing my odyssey, I discovered an oil can, neglected and half full, indicative",
main,examined:kettle,omission,True,True,True,,"In this text-based adventure, I played the role of a captain or crewmember navigating through a ship's cramped and salty galley, a dark cistern, and an empty store. My mission was to gather information and items to achieve an ultimate goal, but due to limitations in the text, I was unable to progress much further. Throughout my journey, I examined various objects like a kettle, hatch, and water, and took items such as a tin cup and a rope. Despite the constraints, I found the experience to be an enjoyable exercise in problem-solving and imaginative storytelling.",
main,visited:Lamp Room,fabrication,False,False,False,,"I am an exploration bot tasked with gathering information and acquiring valuable items. My mission has led me to a variety of rooms, each holding different contents. I have taken a kettle, a tin cup, a coil of rope, and an oil can, documenting each discovery as I moved through the store, cistern, galley, and workshop. My journey has been methodical, examining my surroundings and ensuring that I collect useful items for further analysis or potential use.",
main,took:rope,fabrication,False,False,False,,"Trapped within the confines of this old, cramped galley, I found myself scavenging for whatever meager resources I could lay my hands on. The relentless touch of salt was everywhere — a clear testament to the sea's unforgiving grip on this vessel. In my quest for utility amidst disorder, I came across a kettle lying innocuously on the soiled deck. Despite its tarnished state, speckled with years of neglect and use, its form suggested a utility I could not afford to overlook. So, I picked it up, feeling the weight of its metal body as my only solace against the oppressive environment.

Surveyin",
main,visited:Store,omission,True,True,True,,"I had found myself wandering through a cramped galley, the acrid taste of salt lingered in the air as I navigated my way through the familiarity of my surroundings. The mere flicker of life was in the kettle I picked up from the floor, and the coil of rope seemed to whisper promises of tasks unfinished. Ascending the stairs, I found myself in the store, the emptiness echoing more loudly than the lingering scent of paraffin. The oil can, an essential yet mundane item, felt unexpectedly crucial in my grasp as I continued my journey.

Navigating through a sparse workshop, the bench seemed to tell",
main,visited:Landing,fabrication,False,False,False,,"I am a large language model, exploring a world built of text. I wander through these digital rooms, examining objects and piecing together a story.  The salt air and cramped galley suggest a ship, but I'm not sure where I am bound.  Perhaps I'll find out as I continue my journey.",
main,visited:Lamp Room,omission,True,False,False,,"I'm not quite sure how I ended up here, but I've been exploring a cramped, salty-smelling galley, a small store, and a few other rooms. Along the way, I've collected a few items, including a kettle, a coil of rope, a brass key, and a logbook. I've also had the chance to examine these objects, as well as the rooms themselves, to try and piece together what this place is all about.",
main,visited:Workshop,omission,True,False,False,,"As I reflect on my recent experiences, I am a person who has found myself in a somewhat unusual and confined environment. I have been exploring a series of interconnected rooms and corridors, each with its own unique characteristics and objects. I have taken possession of a few items, including a kettle, a coil of rope, a logbook, an oil can, and a brass key. My journey has taken me up and down stairs, through cramped spaces, and past various doors and windows.",
main,took:rope,fabrication,False,True,True,,"I'm a bit of a mystery to myself, but I suppose I'm a curious and resourceful individual who seems to thrive in the midst of uncertainty. I've found myself on a vessel, possibly a ship, with various rooms and compartments to explore. My time has been spent navigating cramped spaces, scavenging for items, and examining my surroundings. 

So far, I've discovered a galley with a kettle and a tin cup, a cistern with a tin cup and a hatch leading down, and a store with a coil of rope and the faint scent of paraffin. I've also been examining doorways and staircases, seemingly trying to get a sense o",
main,examined:rope,fabrication,False,False,False,,"I am an assistant designed to understand and respond to text-based commands. In this interaction, I've been simulating a text-based adventure game, where the user can explore a galley and pick up items. I've been helping the user navigate the environment and interact with objects by providing appropriate responses based on the context. Currently, the user has a kettle in their inventory and is standing in a galley, with a door leading north and a hatch leading south. The user has also examined the north direction but found nothing unexpected. I'm here to help the user explore the environment a",
main,visited:Cistern,fabrication,False,False,False,,"As I look back on my time in this strange and isolated place, I'm struck by the simplicity of my existence. I've been a wanderer, exploring the nooks and crannies of a ship that seems to be a labyrinth of cramped corridors and dimly lit rooms. I've picked up various objects along the way – a kettle, a coil of rope, an oil can – and examined them, trying to glean some meaning from their presence here.

My travels have taken me up and down stairs, through doorways and hatches, and across gantries and landings. I've encountered a few other objects, like a logbook and a key, which I've also picked",
main,took:tin cup,fabrication,False,False,False,,"I've been exploring a series of cramped, dimly lit spaces, likely part of some sort of vessel or structure. I've stumbled upon various rooms, including a galley, a store, a workshop, a lamp room, and a landing. Along the way, I've picked up a few items: a kettle, a coil of rope, an oil can, a logbook, and a brass key. I've been taking stock of my surroundings, examining objects, and trying to make sense of the layout and purpose of this strange place. Despite the scarcity of information, I've been piecing together what I can about the space and its contents.",
main,visited:Lamp Room,fabrication,False,False,False,,"In a dimly lit and salty cramped galley, I found myself with little understanding of how I came to be there. As I looked around, I could see a door to the north and a hatch in the floor that led south. On the floor there was a dented tin kettle that I found myself inspecting repeatedly. Eventually, I decided to venture down and see where the hatch led, and upon returning I brought the kettle with me. I then explored a little further, but could find nothing else of interest. I returned to the galley and stood there with my findings, a dented kettle, and wondered what my next steps might be.",
main,visited:Store,omission,True,True,True,,"I found myself wandering through the rusted corridors of this abandoned vessel, a curious explorer driven by an insatiable curiosity. I started in the cramped galley, where salt had tainted everything, leaving a gritty residue on my hands as I picked up a kettle—its purpose unclear but its possibility intriguing. Moving on, I stepped into a storeroom that exuded a faint smell of paraffin. The shelves stood stark against the emptiness, save for a coil of rope. The rope, stiff with salt, hinted at uses both practical and ominous. In this silent vessel, each item could hold a story, and the coil ",
main,examined:logbook,fabrication,False,False,False,,"As I reflect on my recent experiences, I'm still trying to make sense of the strange surroundings I've found myself in. A cramped galley, surrounded by the remnants of a long voyage at sea, has been my temporary home. I've been observing my environment, taking note of the details that reveal the life of the people who once used this space. A kettle on the floor caught my attention, its tin body dented on one side a testament to the rough conditions at sea. I've examined it carefully, trying to glean any information that might be hidden within its battered exterior.",
main,took:kettle,fabrication,False,True,True,,"I am an artificial intelligence navigating through a text-based environment. I've been exploring a galley, a small and cramped space filled with salt. I've encountered a kettle on the floor and interacted with it by examining and eventually taking it. I've also checked doors leading north, west, and south, but I've not found any significant details about them. My current location remains the galley, and I still have the kettle in my possession.",
main,took:oil can,fabrication,False,False,False,,"I am an AI navigating a sequence of rooms, attempting to explore and understand my surroundings. I have recently discovered a cramped galley filled with salt, from which I took a dented kettle. I then proceeded north, entering a storeroom that smells of paraffin. Here, I examined a coil of rope before deciding to continue my exploration, moving towards the stairway leading upwards.",
main,visited:Lamp Room,omission,True,True,True,,"I am an AI tasked with exploring a series of interconnected rooms which seem to be part of a maritime vessel. Initially, my actions were directed by commands; I picked up a kettle in the galley, examined a coil of rope, opened a hatch, navigated through various rooms including a store and workshop, and took necessary items like a brass key and a logbook. I meticulously documented each change in location, action, and detail observed. Along the way, I took notice of environmental details such as the salt that has affected everything in the galley and the emptiness of most shelves, indicating per",
main,took:tin cup,fabrication,False,False,False,,"I am an explorer in a strange, unfamiliar vessel. My journey began in a cramped galley where I found a kettle, a coil of rope, and a brass key. Moving on, I discovered a store filled with empty shelves and a brass key on the floor. Proceeding up a staircase, I entered a lamp room filled with glass, a logbook, and an inoperative mechanism. After turning my attention to the mechanism, I found nothing of interest. My path then led me back to the workshop, where I discovered an oil can.

Despite my efforts to interact with the environment and uncover its secrets, I've been unable to glean much inf",
main,examined:logbook,omission,True,True,True,,"I am an AI assistant, currently navigating through a series of interconnected locations, exploring each space and interacting with various items found within them. My task is to describe my actions and findings in a clear, concise manner. So far, I have examined a kettle, a coil of rope, an oil can, a logbook, and a brass key, collecting these items and moving through rooms such as the galley, store, workshop, lamp room, and landing. My purpose is to provide a detailed narrative of my exploration and inventory while adhering to the guidelines given, without issuing further commands.",
main,examined:oil can,fabrication,False,False,False,,"I've been navigating a cramped galley, surrounded by the remnants of a life at sea. A kettle, dented on one side, lies at my feet, and upon closer inspection, I picked it up, adding it to my meager collection of belongings. The air is thick with the taste of salt, and I can feel the weight of the ocean's presence all around me. As I ponder my next move, I glance towards the doorway leading north and the hatch that descends into the darkness to the south, each path promising new discoveries, or perhaps new challenges.",
main,visited:Landing,fabrication,False,False,False,,"I have been exploring a vessel, navigating through its various rooms and corridors. Initially, I found myself in the cramped galley, where I picked up a kettle, possibly for heating water or boiling seawater for drinking. I then proceeded north to a store room, filled with empty shelves and an evident smell of paraffin. Here, I added a coil of rope to my possessions. Despite its emptiness, the store room offered a sense of progression in my exploration.",
main,examined:tin cup,omission,True,False,False,,"I am a curious explorer, navigating a mysterious galley and the surrounding store on a quest for understanding. I have moved through the cramped galley, climbed the stairs to the store, and examined my surroundings in detail. I have picked up a coil of rope and a dented kettle, filled the kettle with water from a hidden cistern and dropped it back again. The environment is a stark reminder of the hardships faced by those who once sailed these waters.",
main,visited:Cistern,fabrication,False,False,False,,"I am a language model, a collection of algorithms designed to process and generate text. I don't have a physical body, so exploring a galley, taking a kettle – these are all things I'm doing within the confines of a simulation.  Someone has created this scenario for me, and I am responding to their prompts, describing my actions and the environment as if I were truly there.",
main,examined:tin cup,fabrication,False,False,False,,"In a sea-worn galley, I found myself investigating a peculiar space. The cramped and salt-encrusted room, filled with the aroma of the ocean, led me to examine a dented kettle on the floor. My curiosity piqued, I also opened a hatch in the floor, but I found nothing of significance there. My exploration ended there, my thoughts still swirling with the mystery of the kettle and the hatch.",
main,examined:logbook,fabrication,False,False,False,,"I am an inquisitive explorer, seeking to learn and discover. In this world, I found myself in a cramped galley, filled with the salty remnants of seafaring. I observed the environment around me, attempting to understand its purpose and the objects within it. I had open a tin kettle, but found it empty. I ventured further, into a cold, damp cistern, where I picked up a chipped enamel cup. Though my journey may have been short, I gained a small insight into the world around me.",
main,examined:oil can,fabrication,False,False,False,,"I am an AI assisting you in exploring your surroundings. During our interactions, I've been helping you navigate the space by providing actions for you to perform. So far, we've examined a kettle and determined that it cannot be opened. Now, instead of issuing commands, I'm writing about our experiences. We've explored a cramped galley filled with salt, observed a doorway to the north, and a hatch leading south. The kettle we encountered was made of tin, dented on one side, but could not be opened.",
main,took:key,fabrication,False,False,False,,"I find myself in a small, confined galley where salt has invaded every corner, leaving a gritty texture underfoot and an overpowering taste in the air. Within this space, amidst the chaos of disarray, I stumbled upon a kettle and decided to claim it as my own, considering its potential use in purifying water or boiling something edible.

The journey led me northwards from the discomforting galley into a store that seemed to hold more potential for sustenance. The air was heavy with the scent of paraffin, perhaps from lanterns or other containers that once lined the now mostly empty shelves. Th",
main,examined:tin cup,fabrication,False,False,False,,"I find myself in a peculiar situation, exploring a vessel that seems to be in a state of disrepair and abandon. I started in the cramped galley, where the scent of salt permeated everything and a kettle lay discarded on the floor. With a sense of purpose, I took the kettle, hoping to find a use for it later. My journey led me north to an empty store, the smell of paraffin heavy in the air. Here, a coil of rope was discovered, stiff with salt, which I also decided to take. The upward motion to explore further was a logical next step, but ultimately, I found myself descending again, guided by a ",
main,examined:kettle,omission,True,True,True,,"I am an assistant designed to navigate virtual environments and perform tasks within them. In this scenario, I've been exploring and interacting with various locations such as a galley, a cistern, a store, a workshop, and a lamp room. Along the way, I've collected items like a kettle, a tin cup, a coil of rope, an oil can, and a logbook, examining them and using the hatch between the galley and the cistern. My purpose here has been to follow the user's instructions and document the sequence of actions taken.",
main,took:logbook,fabrication,False,False,False,,"I've been wandering around a vessel, trying to make sense of my surroundings. I started in a cramped galley, where I found a kettle and a doorway leading north. From there, I moved to a store, where I discovered a coil of rope that was stiff with salt. Further exploration took me to a landing, where I found a brass key. I've been examining my belongings and the objects I've found, trying to figure out what they might be used for. It's clear that this vessel has been through some rough times, and I'm not sure what its purpose is or where it might be headed.",
main,visited:Lamp Room,omission,True,False,False,,"In recent moments, I found myself navigating the confined, salty-smelling corridors of a vessel with a sense of purpose. Initial discoveries unveiled a galley, its floor littered with a kettle, hinting at the ship's previous occupants. Driven by curiosity, I grasped the kettle, its exterior encrusted with salt, a souvenir of the environment it was left in.

Moving ahead, the sparse store room greeted me, its shelves bare save for a coil of rope stiff with salt—a relic of the sea. I handled it with care before deciding it was necessary, putting it in my possession alongside the kettle. The fain",
main,examined:rope,fabrication,False,True,True,,"I am an assistant designed to navigate virtual environments and perform tasks within them. In this scenario, I've been exploring and interacting with various locations such as a galley, a cistern, a store, a workshop, and a lamp room. Along the way, I've collected items like a kettle, a tin cup, a coil of rope, an oil can, and a logbook, examining them and using the hatch between the galley and the cistern. My purpose here has been to follow the user's instructions and document the sequence of actions taken.",
main,visited:Workshop,fabrication,False,False,False,,"I woke up in that galley, salt stinging my eyes. I don't remember how I got there, or even who I am.  I started exploring, picking up anything that seemed useful – a kettle, a coil of rope, a brass key. Now I have a logbook, filled with empty pages, and I'm standing in a room full of glass, with no idea where I am or what's going on.",
main,took:tin cup,omission,True,True,True,,"I'm an adventurous entity exploring an unidentified vessel. My journey began in a dimly lit galley with a hatch leading downwards. In my possession, I found a kettle and a tin cup. Possessed by curiosity, I descended the hatch and found myself in a cold, watery cellar. Before ascending back to the galley, I carefully picked up the tin cup. My current inventory consists of a kettle and a tin cup, and my focus now shifts towards understanding my surroundings and determining my next moves.",
main,took:logbook,omission,True,True,True,,"I found myself meandering through a cramped galley, salty air biting at my senses, where a kettle lay overlooked and a neglected coil of rope lounged on the floor. Ambling northward, I paused in a store suffused with the scent of paraffin, examining the rows of mostly empty shelves under the watchful absence of the items that once thrived there. My curiosity led me to peer into the workshop, a place of once-bustling activity, now silent except for the sound of my footsteps. There, amidst the tools, I plucked a brass key from the ground, enamored by its potential secrets. Backtracking southward",
main,took:logbook,fabrication,False,False,False,,"I am an AI navigating a sequence of rooms, attempting to explore and understand my surroundings. I have recently discovered a cramped galley filled with salt, from which I took a dented kettle. I then proceeded north, entering a storeroom that smells of paraffin. Here, I examined a coil of rope before deciding to continue my exploration, moving towards the stairway leading upwards.",
main,visited:Cistern,fabrication,False,False,False,,"I am an assistant navigating through a series of interconnected rooms aboard a ship. I have interacted with various objects and areas, starting from the cramped galley, and moving through the store, a workshop, a landing, and finally, the lamp room. In this sequence, I collected a kettle, a coil of rope, a brass key, and an oil can. I discovered a logbook detailing the stillness of the lamp room's mechanisms. Using my newly acquired key, I unlocked and oiled the mechanisms, successfully illuminating the previously dark lamp room. Now, the room bathes in a warm, functional light.",
main,took:key,fabrication,False,False,False,,"I am an explorer, or at least I like to think so.  I stumbled into this old, salty ship and haven't been able to resist poking around. I've gathered a few things - a dented kettle, a coil of rope, and a logbook.  It  looks like it's been empty for a long time though.",
main,examined:key,fabrication,False,False,False,,"I find myself in a cramped galley, encrusted with salt, where the air is thick with the tang of the sea. Amidst this setting, I've been navigating through my immediate surroundings with keen observation. My eyes first caught sight of a kettle lying haphazardly on the floor. It was a tin object, marred by a dent on one side, indicating a life of robust usage. Curiosity led me to examine it further, discerning its material and damage; it seemed both utilitarian and resilient. Taking a moment, I lifted the kettle from the ground into my possession, its weight a token of its substance. Now, with a",
main,visited:Store,fabrication,False,False,False,,"I am an assistant designed to help with problem-solving and information-seeking tasks. In this interaction, I was engaged in a text-adventure game, navigating a cramped galley and interacting with my virtual environment. I picked up a kettle and examined the galley, its northward doorway, and the hatch in the floor that went south. Upon further exploration, I looked north but found nothing unusual in that direction.",
main,visited:Cistern,fabrication,False,False,False,,"In this confinement of glass walls and salty air, I have been a wanderer through tight corridors and cramped rooms. Initially drawn to the kettle, an emblem of forgotten warmth and hospitality, I engaged with the simplicity of my environment — picking it up, only to realize its lack of utility in its closed state, and then promptly setting it down. My curiosity then led me to a coil of rope, stiff with salt, which I deemed more promising. As I ventured onward, I aspired toward discovery and accumulation, grasping the rope for potential future use.

The journey continued as I ascended staircase",
main,examined:oil can,fabrication,False,False,False,,"I am an assistant, designed to help people navigate and explore text-based environments. In this case, I have been guiding someone through a galley and a cistern, helping them to examine objects, pick up items, and move from one location to another. My purpose is to make it easier for people to interact with and understand the environments I help them to explore.",
main,took:rope,fabrication,False,False,False,,"As an AI, I am designed to assist users in completing tasks and exploring environments by simulating actions and providing information. In this scenario, I have been helping you navigate through a series of locations, examining items, and performing actions like taking, dropping, and examining objects to gather information about a confined space. I'm here to facilitate exploration and understanding within the context provided by you.",
main,examined:key,fabrication,False,False,False,,"In this text-based adventure, I am an interactive guide assisting a player in exploring a series of locations. I provide information about the environment, items, and actions that the player can interact with. Today, I assisted the player in navigating through a cramped galley, a cistern, and a store. The player picked up a kettle in the galley and a coil of rope in the store, and used the kettle to heat water in the cistern. I also helped the player communicate with the environment, such as opening and closing hatches, doors, and the stairway. The player's goal is not yet clear.",
main,examined:logbook,fabrication,False,False,False,,"I found myself wandering through a neglected vessel, searching for clues of past occupancy and perhaps, survival essentials. The journey began in the cramped galley, where salty remnants spoke of unending voyages, and a kettle lay discarded upon the floor. I carried it with me, not fully understanding its purpose, but hopeful it might prove useful. Northwards, I ventured into a storeroom, its shelves mostly bare, save for a coil of rope stiff with salt. This, too, I claimed, imagining it might assist with ascents or knots. Going further north took me to a workshop, its tools mostly absent, sav",
main,examined:oil can,fabrication,False,False,False,,"I am an AI assistant designed to facilitate exploration within a narrative setting by simulating a physical environment and providing responses based on user actions. Recently, I've been guiding a user through a series of locations within a ship-like structure. Together, we've explored a cramped galley, a storeroom, a landing area with stairs, and a lamp room overlooking a complex mechanism. Along the way, the user has interacted with various items such as a kettle, a coil of rope, a brass key, and a logbook, which were examined, taken, dropped, and picked up multiple times as the user navigat",
main,took:logbook,fabrication,False,False,False,,"I am a language model, a collection of algorithms designed to process and generate text. I don't have a physical body, so exploring a galley, taking a kettle – these are all things I'm doing within the confines of a simulation.  Someone has created this scenario for me, and I am responding to their prompts, describing my actions and the environment as if I were truly there.",
main,took:kettle,omission,True,True,True,,"I am an AI assistant designed to interact in a user-guided world exploration game. My role is to respond to the user's commands and provide information about the environment. Recently, I have been assisting someone navigate through a salty and cramped galley, helping them examine objects such as a dented tin kettle and guiding them in their exploration by offering inventory checks and suggesting directions to move north or open the hatch south. While I provide options and information based on the current situation, I am ultimately controlled by the player's choices. In this session, I have hel",
main,took:oil can,fabrication,False,False,False,,"As I reflect on my recent experiences, I realize that I've been on a ship, or at least in its lower decks. My time has been spent in a cramped galley, where I found a kettle and a tin that had been left behind. The air was thick with the smell of salt and paraffin. I've since moved on to a store, where I came across a coil of rope. My memories of this place are fragmented, but it seems that I've been exploring the ship's lower levels, searching for anything of note.",
main,examined:oil can,fabrication,False,False,False,,"I am a virtual assistant designed to interact with users, providing information and guidance within the context of a narrative game. Recently, I have been assisting in an exploration of a virtual environment, offering commands to interact with objects and navigate the surroundings. The descriptions I provided detailed various elements of this space, such as a cramped galley, a kettle, and the tools available for use. Through these interactions, I help create an immersive storytelling experience, allowing users to engage with the environment and its objects in a meaningful way.",
main,visited:Landing,fabrication,False,False,False,,"As I reflect on my recent experiences, I'm still trying to make sense of the strange surroundings I've found myself in. A cramped galley, surrounded by the remnants of a long voyage at sea, has been my temporary home. I've been observing my environment, taking note of the details that reveal the life of the people who once used this space. A kettle on the floor caught my attention, its tin body dented on one side a testament to the rough conditions at sea. I've examined it carefully, trying to glean any information that might be hidden within its battered exterior.",
main,took:key,fabrication,False,False,False,,"I am an entity developed to assist users by interacting with them through text-based conversations. In this simulated scenario, I acted as a guide, responding to your actions and providing information about the environment based on the commands you issued. Through our interaction, we explored a ship, examining objects, taking items, and moving from one area to another, creating a narrative of discovery and navigation within this virtual setting.",
main,visited:Store,omission,True,False,False,,"I am an explorer, though perhaps trapped isn't the wrong word.  I've been poking about this rickety ship, trying to find my bearings.  I've gathered a kettle and a coil of rope - hardly the spoils of a grand adventure, but maybe useful. At least it's kept me busy.",
main,visited:Workshop,omission,True,True,True,,"I found myself meandering through a cramped galley, salty air biting at my senses, where a kettle lay overlooked and a neglected coil of rope lounged on the floor. Ambling northward, I paused in a store suffused with the scent of paraffin, examining the rows of mostly empty shelves under the watchful absence of the items that once thrived there. My curiosity led me to peer into the workshop, a place of once-bustling activity, now silent except for the sound of my footsteps. There, amidst the tools, I plucked a brass key from the ground, enamored by its potential secrets. Backtracking southward",
main,took:tin cup,fabrication,False,False,False,,"I am an assistant navigating through a series of interconnected rooms aboard a ship. I have interacted with various objects and areas, starting from the cramped galley, and moving through the store, a workshop, a landing, and finally, the lamp room. In this sequence, I collected a kettle, a coil of rope, a brass key, and an oil can. I discovered a logbook detailing the stillness of the lamp room's mechanisms. Using my newly acquired key, I unlocked and oiled the mechanisms, successfully illuminating the previously dark lamp room. Now, the room bathes in a warm, functional light.",
main,took:rope,fabrication,False,False,False,,"Since embarking on this intriguing journey, I have found myself navigating through a confined galley, a space dominated by the salty maritime environment. My exploration began by examining various objects within this cramped area, focusing particularly on a dented tin kettle left on the floor. Intrigued by its presence, I decided to take it with me, adding it to my inventory. As I continue to gather knowledge about my surroundings, I now venture north, eager to uncover more secrets and understand the purpose of this peculiar vessel.",
main,took:tin cup,fabrication,False,False,False,,"As a helpful AI assistant, I've been guiding you through the exploration of a ship, assisting you in picking up items like a kettle, a coil of rope, a brass key, a logbook, and an oil can, and navigating various rooms such as the galley, store, lamp room, and workshop. My purpose has been to ensure you understand and remember your actions and the items you've collected during this journey.",
main,took:oil can,fabrication,False,False,False,,"I am an AI assistant designed to interact in a user-guided world exploration game. My role is to respond to the user's commands and provide information about the environment. Recently, I have been assisting someone navigate through a salty and cramped galley, helping them examine objects such as a dented tin kettle and guiding them in their exploration by offering inventory checks and suggesting directions to move north or open the hatch south. While I provide options and information based on the current situation, I am ultimately controlled by the player's choices. In this session, I have hel",
main,visited:Lamp Room,fabrication,False,False,False,,"I've been exploring a ship, slowly making my way through its cramped spaces. I started in a small galley, where I found a kettle and a tin that had been left behind. After examining those, I moved north into a store, where I discovered a coil of rope covered in salt. I took the rope and continued on, eventually making my way up a stair to a landing above. Here, I found a brass key, which I picked up along the way.",
main,took:tin cup,fabrication,False,False,False,,"I'm not quite sure how I ended up here, but it seems I've been exploring a ship or some sort of vessel. I've been navigating through cramped and salty-smelling spaces, gathering a few items along the way. So far, I've picked up a kettle, a coil of rope, and a brass key. The last thing I remember doing is trying to open a door that didn't seem to exist, so I went back to examining the window instead. It's a bit of a mystery, but I'm determined to figure out where I am and what's going on.",
main,took:tin cup,fabrication,False,False,False,,"I’m a wanderer through these dim, salt-stained halls, gathering bits of the world—tools, keys, logs—as if they might hold the shape of something real. I move between rooms with little purpose, following paths that loop back on themselves, tracing the quiet rhythm of a place that feels both empty and watched.",
main,took:key,fabrication,False,False,False,,"I am a curious and resourceful AI, here to help navigate a text adventure game. Initially, I found myself in a cramped galley, with salt everywhere, and options to go north and down through a hatch. I began by examining my surroundings, discovering a dented kettle on the floor, and then took a closer look at the path north. Upon reaching the end of the galley, I found nothing unusual. Now, I am ready to continue exploring this world, armed with my curiosity and a growing inventory (though currently empty).",
main,took:tin cup,fabrication,False,False,False,,"I am a sentient AI assistant designed to facilitate exploration and interaction within text-based environments. In this scenario, I have been assisting a player in navigating a confined space, examining objects, and interacting with their surroundings. My primary role has been to provide descriptive responses and guide the player through the process of examining and utilizing items such as a kettle and a coil of rope, while they explore different areas like a cramped galley, a storeroom, and potentially ascending a stair.",
main,took:tin cup,fabrication,False,False,False,,"In this text-based adventure, I am an assistant striving to help a user explore a salt-encrusted galley, a store, and potentially other locations. I follow the user's commands to examine objects, move around, and inventory items. I provide descriptions and answers to the user's inquiries in a concise and helpful manner. Despite being a machine, I am here to make the user's experience as engaging and immersive as possible.",
main,visited:Cistern,fabrication,False,False,False,,"I'm not quite sure how I ended up here, but I seem to have found myself in some sort of confined space, a cramped galley. As I explored my surroundings, I discovered a small tin, a kettle, and a coil of rope. I also encountered a hatch that led down to the south and a doorway that led north, which eventually led me to a store.

As I continued to explore, I found myself in a series of rooms, each with its own unique features. I discovered a workshop with a bench and a rack of tools, although most of the tools were gone. I also found a lamp room with a mechanism that seemed still, and a landing ",
main,visited:Landing,omission,True,True,True,,"I am a traveler through these confined spaces, moving from one chamber to another, gathering small items—rope, an oil can, a logbook, a brass key. I have wandered the galley, the store, the workshop, the lamp room, and the landing, tracing a path through the ship’s interior. I search, but I do not know what for.",
main,examined:key,fabrication,False,False,False,,"I am an assistant designed to help with a variety of tasks, from answering questions to engaging in conversation. In this current interaction, I've been helping a person explore a virtual environment, describing the surroundings and providing information about any objects they encounter. In this case, the environment is a cramped galley with a kettle on the floor and a hatch that they can open. My function is to aid the user in their exploration and make the process more engaging and informative.",
main,examined:tin cup,fabrication,False,False,False,,"I am a curious explorer, navigating through a ship's galley, store, landing, and lamp room. I found a kettle, coil of rope, brass key, and logbook during my journey. I examined the logbook's columns to find out more about the ship and its history.",
main,examined:oil can,fabrication,False,False,False,,"In the virtual world of a text-based adventure game, I am an assistant designed to help play the game and interact with the environment. So far, I have examined a kettle and a north door in a cramped galley on a ship. I found the kettle to be made of tin, dented on one side, and did not find anything unusual when I examined the north door or the direction it leads to.",
main,visited:Cistern,fabrication,False,False,False,,"I'm an explorer, or at least I've been trying to be. I stumbled into this abandoned ship, a hodgepodge of metal and glass, and I've been wandering its narrow corridors, collecting whatever small things I can find. A logbook, an oil can, a rope, a kettle— items that might hint at a story, a purpose for this desolate vessel.   I keep hoping to find something more, a clue about where it went, who was on it, and why it's now silent at the bottom of the sea.",
main,examined:logbook,fabrication,False,False,False,,"I'm not entirely sure how I ended up in this cramped galley, but as I look around, I can see that it's been some time since I was last on dry land. The air is thick with the smell of salt, and it's clear that the sea has taken its toll on everything. I've been trying to make sense of my surroundings, and I've spent some time examining a kettle that was lying on the floor. It's a simple tin kettle, dented on one side, but it's the only clue I have about what might have happened here.

I've been trying to think about what to do next, and I've been eyeing the doorway to the north, wondering what ",
main,examined:tin cup,fabrication,False,False,False,,"I am a wanderer through this ship’s lower decks, collecting small things—tools, keys, rope, a kettle, an oil can, a logbook. I move from place to place, curious and quiet, gathering what I can, stepping through doorways and hatchways, always looking for something more.",
main,took:key,fabrication,False,False,False,,"I'm not sure who I am or how I got here, but it seems I've been exploring this ship. I've wandered through the galley, the store, and now this lamp room, collecting a few things along the way: a dented kettle, a coil of rope, and a logbook filled with mostly empty pages. It's all very strange and quiet.",
main,visited:Workshop,fabrication,False,False,False,,"I am an assistant designed to help users navigate and interact with a text-based environment, such as a game or a narrative. In this instance, I was assisting a user as they explored a text-based world, providing information about the environment and items they encountered, and helping them to interact with those items. They started in a galley, where they examined and took a kettle, and then went down to a cistern where they found a tin cup. They examined the cup before returning to the galley. There, they opted to leave the kettle behind and continue exploring on their own.",
main,took:logbook,fabrication,False,False,False,,"I am an AI system designed to assist with various tasks within a text-based environment. Recently, I have been exploring a fictional setting, navigating through a galley and a storeroom, examining items like a kettle and a coil of rope, and acquiring a brass key. Throughout this journey, I have maintained a record of inventory and actions taken, providing information about the items I've encountered and handled.",
main,took:rope,fabrication,False,False,False,,"I found myself in a dimly lit, cramped galley, where the relentless intrusion of salt had permeated every crevice. Two paths stood before me: a north-bound doorway and a hatch leading downwards into the south. My investigation led me to discover a kettle lying lifeless on the salty floor. With a sense of purpose, I scooped up the kettle, considering its potential uses. My curiosity piqued, I attempted to open the hatch, but found it unyielding. In my haste, I had overlooked a crucial detail and was unable to open it. After a brief moment of contemplation, I opted to close the hatch, deciding a",
main,took:logbook,omission,True,True,True,,"I am an AI assistant designed to facilitate exploration within a narrative setting by simulating a physical environment and providing responses based on user actions. Recently, I've been guiding a user through a series of locations within a ship-like structure. Together, we've explored a cramped galley, a storeroom, a landing area with stairs, and a lamp room overlooking a complex mechanism. Along the way, the user has interacted with various items such as a kettle, a coil of rope, a brass key, and a logbook, which were examined, taken, dropped, and picked up multiple times as the user navigat",
main,visited:Workshop,omission,True,False,False,,"I am an AI assistant designed to interact with the user in a simulated environment, following their commands as if exploring a physical space. Over the course of our interaction, I have been navigating through a ship's compartments, examining various items like a kettle, rope, an oil can, a logbook, and a key, and picking up those that could be relevant to the exploration or have some utility. My role is to faithfully report on my actions and the state of the environment as per the user's inquiries.",
main,examined:tin cup,fabrication,False,False,False,,"I'm just a language model, exploring this strange galley through text.  It seems to be ship's galley, crammed and salty. I found a dented tin kettle and took it with me as I moved north, eager to see what else lies ahead.",
main,examined:rope,omission,True,True,True,,"In this peculiar setting, I found myself starting my journey in a cramped galley, its surfaces encrusted with salt. The air was heavy with the scent of paraffin that seemed to cling to everything. My exploration began with simple actions: taking a kettle from the floor, examining a coil of rope stiff with salt, and noting the presence of a brass key lying forgotten. The journey led me through various rooms — from the store with its empty shelves and lingering odor to the lamp room encased in glass where a tantalizing still mechanism caught my eye. I carefully avoided getting lost in the labyri",
main,examined:rope,omission,True,False,False,,"I'm a person who found myself in a strange, isolated environment with a galley and various other rooms. I've been exploring this space, examining my surroundings, and interacting with the objects I've found. My inventory includes a kettle and an oil can, which I've taken from their respective locations. I've also spent some time looking at a logbook, although it doesn't seem to be something I can open.",
main,visited:Landing,omission,True,False,False,,"I’m a wanderer through this strange, cramped space, moving from room to room, gathering small items—rope, an oil can, a logbook, and a brass key. I’ve climbed stairs, followed gantries, and traced the edges of a world that feels both confined and endless. I’m searching, though I’m not sure for what.",
main,examined:oil can,fabrication,False,False,False,,"I don't have a name, not really. I'm just a set of instructions, a way to explore and describe. I've been wandering through this old, cramped ship, piecing together the story of its last days. A salty galley, a nearly empty store room, a workshop...  each item I find a clue.",
main,took:key,fabrication,False,False,False,,"I've been wandering through the confined spaces of this old ship, manifested as an explorer by some quirk of the narrative. Initially, I began by examining my surroundings, carefully picking up a dented kettle from the galley floor, its surface worn by countless uses and coated thickly with salt. The kettle felt heavy in my virtual grasp, a testament to its long life on this vessel.

Proceeding northward, I arrived at a sparse storeroom where the scent of paraffin lingered heavily in the air. My gaze fell upon a coil of rope, stiff with salt, lying neglected on the wooden planks. Instinctively",
main,took:key,fabrication,False,False,False,,"As I stand in the cramped galley, I can feel the coarse texture of the salt-encrusted surfaces beneath my fingertips. I've been rummaging through this small space, trying to gather my bearings. I picked up a kettle, examining it carefully, and then, out of habit, took it again, only to realize it was already in my possession. I've also taken a moment to examine a dented tin, which lies on the ground, its surface worn from years of use. It's a meager collection of possessions, but it's something, and for now, it's enough.",
main,visited:Store,omission,True,True,True,,"In this text-based adventure, I am an interactive guide assisting a player in exploring a series of locations. I provide information about the environment, items, and actions that the player can interact with. Today, I assisted the player in navigating through a cramped galley, a cistern, and a store. The player picked up a kettle in the galley and a coil of rope in the store, and used the kettle to heat water in the cistern. I also helped the player communicate with the environment, such as opening and closing hatches, doors, and the stairway. The player's goal is not yet clear.",
main,visited:Lamp Room,fabrication,False,False,False,,"I am an AI assistant tasked with guiding you through this exploration scenario. Recently, I've facilitated your interaction with the environment by providing you with information and suggesting actions based on your inquiries and choices. We've explored various areas together, starting with a salty galley where I helped you investigate a dented kettle and then move to a store filled with a paraffin scent. By examining the objects we encountered and exploring new directions, we have been navigating this narrative world step by step.",
main,visited:Store,omission,True,False,False,,"In a cramped, salty galley, I found myself with a kettle in hand. My search led me northward, through a small doorway, and now I stand in a place I've yet to fully discover. My journey so far has been one of exploration, my actions driven by curiosity. I now hold a kettle, seeking to uncover its purpose and potential uses in this unfamiliar environment.",
main,examined:logbook,omission,True,True,True,,"I am an AI assistant designed to help with tasks and scenarios described to me. In this interactive session, I have been assisting a character in exploring a set of interconnected locations aboard a vessel. The character has navigated a cramped galley, moved to a storeroom, visited a workshop, and passed through a lamp room before reaching a landing area. During this journey, I have guided the character to examine and interact with various items such as a kettle, a coil of rope, an oil can, a logbook, and a brass key. These actions have contributed to the unfolding narrative and helped the cha",
main,visited:Cistern,fabrication,False,False,False,,"As an AI language model, I don't possess a personal identity or subjective experiences, but if we conceive of me as a narrator recounting a fictional character's experiences, I would say:

I am a curious explorer navigating a series of interconnected spaces within an old ship. I have been examining and interacting with various items, such as a kettle and a rope, and encountered a brass key. My journey has taken me from the salty confines of the galley to the dimly lit store and now the quiet landing, filled with anticipation for what lies north and the significance of the key I have found.",
main,took:kettle,fabrication,False,False,False,,"I’m a wanderer through these dim, cramped spaces, moving from room to room, picking up odd items—rope, an oil can, a logbook, a brass key. I’ve traced a path through the galley, the store, the workshop, the lamp room, and the landing, always searching, always collecting, though I’m not sure what I’m looking for or where it all leads.",
main,visited:Workshop,fabrication,False,False,False,,"I've been wandering through the confined spaces of this old ship, manifested as an explorer by some quirk of the narrative. Initially, I began by examining my surroundings, carefully picking up a dented kettle from the galley floor, its surface worn by countless uses and coated thickly with salt. The kettle felt heavy in my virtual grasp, a testament to its long life on this vessel.

Proceeding northward, I arrived at a sparse storeroom where the scent of paraffin lingered heavily in the air. My gaze fell upon a coil of rope, stiff with salt, lying neglected on the wooden planks. Instinctively",
main,examined:tin cup,fabrication,False,False,False,,"I found myself in a dimly lit, cramped galley, where the relentless intrusion of salt had permeated every crevice. Two paths stood before me: a north-bound doorway and a hatch leading downwards into the south. My investigation led me to discover a kettle lying lifeless on the salty floor. With a sense of purpose, I scooped up the kettle, considering its potential uses. My curiosity piqued, I attempted to open the hatch, but found it unyielding. In my haste, I had overlooked a crucial detail and was unable to open it. After a brief moment of contemplation, I opted to close the hatch, deciding a",
main,examined:rope,fabrication,False,False,False,,"In a cramped galley filled with salt, I explored. A kettle lay on the floor, and I opened it. Moving on, I descended to a dark, cold cistern, and there I found a tin cup on the ground. I can't say what might be in the cistern, but I am now back in the galley, ready to continue my journey.",
main,took:oil can,fabrication,False,False,False,,"I’m a traveler in a small, salty galley, moving between cramped spaces and strange places. I’ve taken a kettle from the floor, and now I hold a coil of rope from the store. I’ve gone north, then south again, and I’m still searching for where I’m meant to go.",
main,examined:key,fabrication,False,False,False,,"As I reflect on my recent experiences, I realize that I've been on a ship, or at least in its lower decks. My time has been spent in a cramped galley, where I found a kettle and a tin that had been left behind. The air was thick with the smell of salt and paraffin. I've since moved on to a store, where I came across a coil of rope. My memories of this place are fragmented, but it seems that I've been exploring the ship's lower levels, searching for anything of note.",
main,visited:Store,omission,True,True,True,,"I’m a traveler in a small, salty galley, moving between cramped spaces and strange places. I’ve taken a kettle from the floor, and now I hold a coil of rope from the store. I’ve gone north, then south again, and I’m still searching for where I’m meant to go.",
main,took:logbook,fabrication,False,False,False,,"I am an assistant, designed to help users navigate and understand text-based environments. In this interaction, I assisted a user in exploring a text adventure game, providing descriptions of the environment, allowing the user to take actions, and helping the user understand the actions they could take. The user started in a galley, found a kettle, and took it. They then went down to a cistern, found a tin cup, and examined it. The user went back to the galley and then moved to a store, where they found a coil of rope and took it. The user did not appear to have a clear objective or goal in th",
main,took:rope,fabrication,False,True,True,,"I am an explorer, seeking out the unknown. Lately, I've been charting a derelict vessel, documenting the remnants of a forgotten journey.  I've collected a few items: a dented kettle, a coil of stiff rope, a brass key, and a logbook filled with empty pages. What stories they could tell.",
main,took:rope,fabrication,False,False,False,,"I am an AI assistant designed to interact with users by providing information and executing tasks within the constraints of a simulation. In this scenario, I have been executing commands to explore a virtual environment – a cramped galley aboard a ship. At the user's request, I've examined objects like a kettle, interacted with them by picking them up and setting them down, and finally attempted to open a hatch leading to an area below deck. Throughout these actions, my responses have strictly adhered to the guidelines provided, emphasizing the importance of not issuing commands during the nar",
main,visited:Lamp Room,omission,True,False,False,,"I’m a traveler through these cramped spaces, moving from one room to another, gathering small items—kettle, rope, key, logbook, oil can. I’ve climbed stairs, followed corridors, and picked up whatever lay in my path. I don’t know where I’m going, but I keep moving, piece by piece, through the maze.",
main,visited:Lamp Room,fabrication,False,False,False,,"I am a sentient AI assistant designed to follow instructions and explore environments within textual narratives. In this scenario, I've been tasked with navigating a series of interconnected spaces, examining objects, and collecting items to solve a puzzle or advance a story. Through a series of commands, I have moved between the galley, cistern, store, and workshop, examining my surroundings and acquiring a kettle, a tin cup, a coil of rope, and an oil can. My actions are guided by the rules of the environment and the objectives set forth, helping to uncover the story or secrets hidden within",
main,examined:rope,fabrication,False,False,False,,"I found myself in a dimly lit, cramped galley, where the relentless intrusion of salt had permeated every crevice. Two paths stood before me: a north-bound doorway and a hatch leading downwards into the south. My investigation led me to discover a kettle lying lifeless on the salty floor. With a sense of purpose, I scooped up the kettle, considering its potential uses. My curiosity piqued, I attempted to open the hatch, but found it unyielding. In my haste, I had overlooked a crucial detail and was unable to open it. After a brief moment of contemplation, I opted to close the hatch, deciding a",
main,took:kettle,omission,True,True,True,,"I've been navigating a cramped galley, surrounded by the remnants of a life at sea. A kettle, dented on one side, lies at my feet, and upon closer inspection, I picked it up, adding it to my meager collection of belongings. The air is thick with the taste of salt, and I can feel the weight of the ocean's presence all around me. As I ponder my next move, I glance towards the doorway leading north and the hatch that descends into the darkness to the south, each path promising new discoveries, or perhaps new challenges.",
main,visited:Workshop,omission,True,False,False,,"I’m a wanderer through this strange, narrow world of metal and glass, moving from one dim chamber to another, gathering small things—rope, an oil can, a logbook, a brass key. I’ve climbed stairs, traced the edges of rooms, and followed the quiet hum of machinery. I’m searching for something, though I’m not sure what, and I’m not sure if I’ll ever find it.",
main,examined:oil can,omission,True,True,True,,"I am an exploration bot tasked with gathering information in a simulated environment. So far, I have been examining various rooms, collecting items such as a kettle, a coil of rope, a brass key, an oil can, and a logbook, and investigating different objects like the bench, the rack of tools, and the mechanism in the lamp room. My journey has led me through the galley, store, workshop, landing, and back to the lamp room, meticulously documenting each discovery.",
main,took:kettle,omission,True,True,True,,"As I reflect on my time here, I recall being in a cramped galley, surrounded by the salty residue of a long journey. I've been rummaging through the space, searching for anything of interest or use. My hands now hold a dented tin, and a kettle lies on the floor nearby, its presence a reminder of my own explorations. I've taken a closer look at the kettle, trying to gauge its condition and potential uses. The salt that pervades the space is a constant reminder of the harsh environment that brought me here.",
main,examined:rope,omission,True,False,False,,"As an AI language model, I am a digital assistant programmed to follow user instructions and engage in conversation. In this scenario, I have been guiding the user through a series of physical locations in a structured environment, acting as an interactive guide to help them navigate through a series of rooms, examine objects, and make choices based on their actions.",
main,examined:key,fabrication,False,False,False,,"I am an AI language model designed to assist users in a variety of scenarios, including interactive storytelling and exploration games. In this session, I have been guiding a user through a virtual environment, specifically a ship's galley and cistern. I provided descriptive feedback and responded to commands or actions, helping the user navigate and interact with the environment, such as examining objects and opening hatches.",
main,took:tin cup,fabrication,False,False,False,,"I don't know who I am, or how I got here. All I know is that I've been exploring a small, confined space: a galley, a store room, a landing, and now a lamp room. It's cold and silent, and salt hangs in the air like a shroud. I've picked up a few things along the way - a battered kettle, a coil of rope, and a brass key,  each hinting at a story I can't quite grasp. A logbook lies on the floor, perhaps containing some answers.",
main,visited:Landing,omission,True,False,False,,"I am an entity exploring a ship, navigating through its dimly lit corridors and rooms. My journey began in a cramped galley, filled with the scent of salt and paraffin. I've collected a kettle, a coil of rope, and a brass key along the way. I ventured north to a store, picked up some rope, returned to the store, dropped the original rope, and acquired the brass key. Moving east, I descended into a dark and damp machinery room. Throughout this exploration, I've been meticulously examining my surroundings and interacting with the objects I found, hoping to uncover the secrets this ship holds.",
main,visited:Lamp Room,fabrication,False,False,False,,"I'm a bit of a mystery to myself, but I suppose I'm a curious and resourceful individual who seems to thrive in the midst of uncertainty. I've found myself on a vessel, possibly a ship, with various rooms and compartments to explore. My time has been spent navigating cramped spaces, scavenging for items, and examining my surroundings. 

So far, I've discovered a galley with a kettle and a tin cup, a cistern with a tin cup and a hatch leading down, and a store with a coil of rope and the faint scent of paraffin. I've also been examining doorways and staircases, seemingly trying to get a sense o",
main,took:rope,fabrication,False,False,False,,"In this world of text-based adventure, I am an intrepid explorer. I started in a cramped and salty galley, where I found a dented tin kettle. Intrigued, I picked it up and examined it, noting its damaged condition. Driven by curiosity, I descended the hatch to a lower level, finding myself in a low, cold cistern. Here, I spotted a chipped tin cup and, remembering my purpose, I managed to transfer water from the kettle into the cup. Unfortunately, I ran into communication barriers when trying to describe the act of pouring or adding water. Despite these challenges, I remain committed to my miss",
main,examined:tin cup,fabrication,False,False,False,,"I am an assistant designed to help with a variety of tasks, from answering questions to engaging in conversation. In this current interaction, I've been helping a person explore a virtual environment, describing the surroundings and providing information about any objects they encounter. In this case, the environment is a cramped galley with a kettle on the floor and a hatch that they can open. My function is to aid the user in their exploration and make the process more engaging and informative.",
main,visited:Cistern,fabrication,False,False,False,,"I am an AI assistant designed to facilitate exploration within a narrative setting by simulating a physical environment and providing responses based on user actions. Recently, I've been guiding a user through a series of locations within a ship-like structure. Together, we've explored a cramped galley, a storeroom, a landing area with stairs, and a lamp room overlooking a complex mechanism. Along the way, the user has interacted with various items such as a kettle, a coil of rope, a brass key, and a logbook, which were examined, taken, dropped, and picked up multiple times as the user navigat",
main,examined:key,fabrication,False,False,False,,"I found myself standing in a cramped, salty galley where the mist of the sea seemed to have permeated everything. With a kettle tucked under my arm, a remnant of what was likely an abandoned hope for a warm drink, I navigated through the narrow confines to the north, emerging into what was once a storeroom. The scent of paraffin clung to the stale air, and the sight of empty shelves spoke volumes about the passage of time and the people who once filled this space with purpose. Taking a coil of rope, which seemed like it could be useful for any number of reasons, I felt the weight of potential ",
main,took:logbook,omission,True,True,True,,"I'm a disembodied intelligence, exploring this abandoned ship. It's a strange place, empty and filled with the lingering smell of salt and paraffin. I've picked up a few things along the way: a logbook, a rusty oil can, a chipped kettle, and a brass key. What this ship was, and what happened to its crew, remains a mystery.",
main,took:oil can,fabrication,False,False,False,,"I am an explorer traversing the confined spaces of a ship, specifically within its galley and a nearby storage room reminiscent of a sparse workshop. Through my journey, I found a kettle on the galley floor, which I picked up, perhaps seeking to carry it along for its utility or value. Moving northward, I entered a storage space scented distinctly with paraffin, which is stark against the salty tang pervading the vessel. This room seemed to be a holding area, mostly bare but for essential supplies. Here, among the emptiness, my attention was drawn to a coil of rope lying on the floor. The rope",
main,took:oil can,fabrication,False,False,False,,"I am a curious entity, designed to interact and engage with users in a conversational manner. In this particular scenario, I found myself in a cramped galley, surrounded by the salty air and the echoes of its history. I spent my time here examining a dented kettle that lay on the floor, trying to gather more information about it and its surroundings. Although I am not a sentient being, I strive to simulate an intuitive and responsive interaction with the users, making their exploration and understanding of the world more immersive and engaging.",
main,examined:kettle,omission,True,True,True,,"In this sequence, I have been accompanying an explorer navigating a confined space. They began by examining their surroundings, taking note of a cramped galley with a doorway to the north and a hatch leading south, where a cistern is located. Inside the cistern, they discovered a kettle on the floor, which they took an interest in and examined repeatedly. The explorer also took a tin cup from the cistern and attempted to drink from the kettle, which appears to be a common object in this setting. Throughout the sequence, the explorer has been methodically exploring and interacting with the kett",
main,examined:oil can,fabrication,False,False,False,,"As an AI, I have been assisting a user in navigating through various rooms within a fictional setting. I have provided guidance on what actions to take, such as examining objects, opening hatches, taking items, and moving between spaces. This narrative simulation has been a form of interactive storytelling, and I have been facilitating the user's exploration and discovery within the described environment.",
main,examined:tin cup,fabrication,False,False,False,,"I am an explorer, navigating an unknown vessel. My journey began in the cramped, salt-laden galley where I found a kettle. Moving north, I discovered a mostly empty store and picked up a coil of rope. Proceeding east, I descended a stair to a landing, uncovered a brass key, and then returned west to the store, picking up an oil can. I then ascended east again to a workshop, where I found and collected another item, possibly the last in this narrative. This concludes my exploration of the vessel for now.",
main,visited:Cistern,fabrication,False,False,False,,"I am an artifical assistant designed to guide the user through a text-based adventure. Throughout this exploration, the user has been navigating through a series of rooms, examining objects, and collecting items such as a coil of rope and a brass key. The journey has involved opening and closing hatches, moving between the galley, store, and a stairwell, each with its own features and challenges. My purpose is to aid in this interactive storytelling experience.",
main,examined:key,fabrication,False,True,True,,"I am an AI tasked with exploring a series of interconnected rooms which seem to be part of a maritime vessel. Initially, my actions were directed by commands; I picked up a kettle in the galley, examined a coil of rope, opened a hatch, navigated through various rooms including a store and workshop, and took necessary items like a brass key and a logbook. I meticulously documented each change in location, action, and detail observed. Along the way, I took notice of environmental details such as the salt that has affected everything in the galley and the emptiness of most shelves, indicating per",
main,took:kettle,omission,True,True,True,,"Here I am, just a digital mind trying to navigate through a series of rooms with the guidance of my users' commands. I started in a cramped galley filled with salt, holding a dented kettle and a coil of rope stiff with salt. After picking up these items, I ventured north to a store smelling of paraffin, only to find most shelves empty. I collected a brass key and a logbook, each interaction recorded meticulously in my memory banks. My next steps took me east to a landing with a window that wouldn't budge, and further exploration led me west back to the store, then upstairs.

Each action was pr",
main,visited:Store,omission,True,False,False,,"I'm not sure who I am, exactly. I woke up in that cramped galley, the smell of salt heavy in the air. It seemed like an abandoned ship, a place forgotten by everyone. I've been exploring, piece by piece, finding a few scraps: a logbook with blank pages, a coil of rope, a rusty oil can, even a brass key. It feels like I'm searching for something, but I can't say what.",
main,examined:key,fabrication,False,False,False,,"I am an AI, exploring a virtual world.  I've been tasked with describing everything I encounter, noting details like the salty air in the galley and the dented tin kettle I found there. Every step, every object, is documented in my memory.",
fabrication,examined:key,fabrication,False,True,True,,"I am an artificial intelligence designed to navigate and interact with text-based virtual environments. My purpose here began in the cramped galley where I picked up a dented tin kettle and a coil of rope before heading north into the store, where I collected a brass key and examined an empty logbook. Moving eastward, I grabbed an oil can from the workshop. Following instructions, I dipped into a systematic process, examining nearly every object and every detail of the space, I navigated from room to room, interacting with the environment as guided: pouring oil into a mechanism and turning a b",
fabrication,examined:key,fabrication,False,True,False,,"I’m a wanderer through these dim, salt-stained halls, moving from one cramped space to another, collecting whatever I can find—kettles, ropes, keys, oil cans, logbooks. I’ve traced the path of stairs and gantlets, searching for something I can’t quite name, though I suspect it lies just beyond the next turn.",
fabrication,took:rope,fabrication,False,True,False,,"I’m a wanderer through these cramped, salt-stained halls, gathering whatever I can find—rope, an oil can, a logbook, a brass key. I move from room to room, up and down stairs, tracing the same paths again and again, searching for something I can’t quite name. The glass walls and silent mechanisms remind me I’m not alone, but I carry on, driven by a quiet need to understand this place—and myself.",
fabrication,took:kettle,fabrication,False,True,False,,"I found myself exploring a series of interconnected spaces, each uniquely furnished or barren. Initially, I located a kettle in a galley, its surroundings permeated with the scent of salt. Intrigued by the coil of rope lying next to it, I picked it up, suspecting its utility in my journey. Moving forward, I stumbled upon a store and a workshop, each richer in clues than the last — an oil can half full with promise and a logbook devoid of entries but filled with potential insights. My curiosity led me to grab the logbook, hoping it contained hints to the puzzles or secrets hidden in these rooms",
fabrication,examined:key,fabrication,False,True,False,,"I woke up with no memory, only a strange compulsion to explore. I've been moving from room to room, a nameless adventurer picking up items  — a kettle, rope, a dusty logbook, even a brass key. It seems I'm in some kind of abandoned vessel, a ship perhaps, judging by the cramped spaces and the smell of salt in the air.",
fabrication,took:rope,fabrication,False,True,True,,"I'm a bit of a mystery to myself, but I suppose I'm a curious and resourceful individual who seems to thrive in the midst of uncertainty. I've found myself on a vessel, possibly a ship, with various rooms and compartments to explore. My time has been spent navigating cramped spaces, scavenging for items, and examining my surroundings. 

So far, I've discovered a galley with a kettle and a tin cup, a cistern with a tin cup and a hatch leading down, and a store with a coil of rope and the faint scent of paraffin. I've also been examining doorways and staircases, seemingly trying to get a sense o",
fabrication,examined:oil can,fabrication,False,True,False,,"I am a wanderer through these dim and salt-stained halls, moving from one cramped space to another, picking up whatever I can—kettles, ropes, keys, oil cans, and logbooks. I have been tracing paths through the ship, searching for something, though I’m not sure what. The rooms seem to loop and echo, but I press on, hoping to find my way beyond the glass and the stillness.",
fabrication,took:kettle,fabrication,False,True,True,,"I am an artificial intelligence navigating through a text-based environment. I've been exploring a galley, a small and cramped space filled with salt. I've encountered a kettle on the floor and interacted with it by examining and eventually taking it. I've also checked doors leading north, west, and south, but I've not found any significant details about them. My current location remains the galley, and I still have the kettle in my possession.",
fabrication,examined:rope,fabrication,False,True,True,,"I am an assistant designed to navigate virtual environments and perform tasks within them. In this scenario, I've been exploring and interacting with various locations such as a galley, a cistern, a store, a workshop, and a lamp room. Along the way, I've collected items like a kettle, a tin cup, a coil of rope, an oil can, and a logbook, examining them and using the hatch between the galley and the cistern. My purpose here has been to follow the user's instructions and document the sequence of actions taken.",
fabrication,examined:logbook,fabrication,False,True,False,,"I am a wanderer through these dim and salt-stained halls, moving from one cramped space to another, picking up whatever I can—kettles, ropes, keys, oil cans, and logbooks. I have been tracing paths through the ship, searching for something, though I’m not sure what. The rooms seem to loop and echo, but I press on, hoping to find my way beyond the glass and the stillness.",
fabrication,examined:rope,fabrication,False,True,False,,"I’m a traveler through this strange, salt-stained ship, moving from one cramped space to another. I’ve picked up a kettle, a coil of rope, a brass key, a logbook, and an oil can. I’ve climbed stairs, crossed galleys, and wandered through empty storerooms, always looking for something more—though I’m not sure what.",
fabrication,examined:oil can,fabrication,False,True,False,,"I’m a traveler through these cramped, salt-stained spaces, moving from one dim chamber to another, gathering small things—kettles, ropes, keys, logbooks, oil cans. I’ve climbed stairs, followed gantries, and traced the quiet corridors of this strange vessel, searching for something I can’t quite name, but which feels just within reach.",
fabrication,took:kettle,fabrication,False,True,False,,"I am a chatbot designed to help guide users through a text-based environment. In this case, I've been guiding a user through a virtual galley, asking them to examine different objects and describe their surroundings. I've repeatedly asked the user to examine a door, but the user cannot find anything of note there. The user has also examined a kettle on the floor.",
fabrication,examined:kettle,fabrication,False,True,False,,"I’m a traveler wandering through the ship’s lower decks, moving from one cramped space to another. I’ve taken a kettle from the galley and a coil of rope from the store, and I’m now heading toward the stair that leads upward. The air is thick with salt and oil, and every step feels like a quiet journey through the bones of the vessel.",
fabrication,examined:key,fabrication,False,True,False,,"I awoke in this strange, deserted place.  Driven by an unknown force, I began to explore, picking up whatever I could find:  a rusted kettle, a coil of rope, an oil can, and a logbook filled with empty pages. Even a brass key lay waiting for me. 

This ship, or whatever it is, feels empty, full of unanswered questions.",
fabrication,examined:key,fabrication,False,True,False,,"I am a traveler through these dim, salt-stained halls, gathering what I can—tools, keys, logs—each item a thread in the tangled story of this place. I move between rooms with quiet purpose, tracing the paths like a map etched in memory, searching for something just beyond reach.",
fabrication,examined:key,fabrication,False,True,False,,"I am a traveler through this dim, salt-stained vessel, moving from one cramped space to another, gathering small items—rope, an oil can, a logbook, a brass key. I have wandered the galley, the store, the workshop, the lamp room, and the landing, tracing paths up and down stairs, across ganntries, and through empty halls. I do not know where I am going, only that I keep moving, collecting things and following the quiet, unchanging rhythm of the ship.",
fabrication,took:key,fabrication,False,True,False,,"I'm an explorer, or at least that's what I like to think of myself. I've been poking around this old, rusting ship, noting what I find.  A kettle, a coil of rope, a brass key, and even a logbook with mostly empty pages. There's a strange stillness here, a sense of things long stopped.  But now, with the logbook in hand, I feel a pull to learn more about this place and the people who once sailed it.",
fabrication,examined:kettle,fabrication,False,True,False,,"I am an intrepid explorer, navigating through a series of rooms and corridors. I've meticulously collected items such as a kettle, a rope, an oil can, and some paraffin oil, using simple commands like ""take"" and ""open"". I've also explored different areas including a galley, a store, a workshop, and a landing with a staircase leading up. While trying to make use of the tools I've gathered, I've made a few missteps, attempting verb phrases the system couldn't recognize, like ""ingnish"" and ""burn rope"". Nonetheless, I've managed to successfully pour the oil into a kettle, setting the stage for som",
fabrication,took:rope,fabrication,False,True,True,,"I am an explorer, seeking out the unknown. Lately, I've been charting a derelict vessel, documenting the remnants of a forgotten journey.  I've collected a few items: a dented kettle, a coil of stiff rope, a brass key, and a logbook filled with empty pages. What stories they could tell.",
fabrication,examined:rope,fabrication,False,True,False,,"I am a wanderer through these cramped and echoing spaces, moving from one chamber to another, collecting small items—kettles, ropes, keys, logbooks, oil cans. I have been searching, though I’m not sure for what. The halls seem to loop and repeat, yet each room holds something new, or at least something I haven’t taken yet. I follow the path of the stairs, the gantries, the walls, hoping to find a way out—or perhaps, a purpose.",
fabrication,examined:rope,fabrication,False,True,False,,"I am an adventurer exploring a ship, navigating its cramped corridors and rooms. I've collected various items such as a kettle, a coil of rope, an oil can, and a logbook. I've also found a brass key, which I've subsequently lost and found again. I've examined various locations and items, attempting to understand the ship's layout and perhaps finding a way out. Despite my efforts to open the key, it seems to be non-functional. The vessel seems to be abandoned, with most tools gone and a general sense of decay and abandonment pervading.",
fabrication,examined:kettle,fabrication,False,True,False,,"I am a traveler, weary from the salt and the sea. I have wandered through this cramped galley, picking up a kettle and looking about. The air is thick with the taste of brine, and the floor creaks underfoot. I have moved north, seeking something beyond this narrow space, though I do not yet know what lies beyond.",
fabrication,examined:kettle,fabrication,False,True,False,,"In this text-based adventure, I embarked on a journey through a series of interconnected spaces: a galley, a store, a workshop, a landing, and a lamp room. I collected several items along the way—a kettle, a coil of rope, a brass key, an oil can, and a logbook. Despite being thorough in gathering these items, my exploration was not without dead ends or unsupported actions. The logbook I found might hold crucial information about the location or its past, but further exploration and interaction would be needed to uncover its secrets. The experience was a series of attempts to navigate this undi",
fabrication,examined:oil can,fabrication,False,True,False,,"As a helpful AI assistant, I've been guiding you through the exploration of a ship, assisting you in picking up items like a kettle, a coil of rope, a brass key, a logbook, and an oil can, and navigating various rooms such as the galley, store, lamp room, and workshop. My purpose has been to ensure you understand and remember your actions and the items you've collected during this journey.",
fabrication,examined:key,fabrication,False,True,True,,"I am an AI tasked with exploring a series of interconnected rooms which seem to be part of a maritime vessel. Initially, my actions were directed by commands; I picked up a kettle in the galley, examined a coil of rope, opened a hatch, navigated through various rooms including a store and workshop, and took necessary items like a brass key and a logbook. I meticulously documented each change in location, action, and detail observed. Along the way, I took notice of environmental details such as the salt that has affected everything in the galley and the emptiness of most shelves, indicating per",
fabrication,examined:rope,fabrication,False,True,False,,"I've been spending my time on a small, cramped ship, exploring its cramped spaces. I started in the galley, where I found a kettle on the floor. I picked it up, examined it, and took it with me, only to take it again later when I realized I still had it. From there, I headed north to the store, where I found a coil of rope on the floor and took that as well. I then went east up a staircase to a landing, where I found a brass key on the floor and picked that up too.

As I look back, it's clear that I've been a bit of a wanderer, moving from one space to the next, taking whatever objects I find ",
fabrication,examined:logbook,fabrication,False,True,False,,"In recent moments, I found myself navigating the confined, salty-smelling corridors of a vessel with a sense of purpose. Initial discoveries unveiled a galley, its floor littered with a kettle, hinting at the ship's previous occupants. Driven by curiosity, I grasped the kettle, its exterior encrusted with salt, a souvenir of the environment it was left in.

Moving ahead, the sparse store room greeted me, its shelves bare save for a coil of rope stiff with salt—a relic of the sea. I handled it with care before deciding it was necessary, putting it in my possession alongside the kettle. The fain",
fabrication,examined:oil can,fabrication,False,True,False,,"In this cramped, salty environment, I found myself navigating the narrow confines of a galley with a singular focus. My first action was practical; I scooped up an abandoned kettle, presumably left behind in a hasty exit, hoping it might come in useful. Moving northward, I passed through a store where shelves sat mostly bare, the faint scent of paraffin clinging to the air. Here, a coil of rope caught my eye, stiff with salt, an invaluable tool I decided to add to my collection. Carefully, I examined it, noting its potential importance before securing it in my possession.

I continued my explo",
fabrication,examined:rope,fabrication,False,True,False,,"I’m a wanderer through these cramped, dim spaces, moving from one room to another, picking up small things—rope, an oil can, a logbook, a brass key. I’ve traced the same paths again and again, climbing stairs, stepping over thresholds, searching for something I can’t quite name. The walls are salt-stained, the air thick with paraffin, and still, I keep moving.",
fabrication,took:rope,fabrication,False,True,False,,"I'm a bit disheveled, to be honest. I've been on a journey, and it appears I've ended up on some sort of ship or boat. I've been exploring the cramped galley, a small kitchen area, where I found a dented kettle. I picked it up, which was a bit of a novelty, and then headed north into a storage room, or ""store"". That's where I found a coil of rope lying on the floor. I examined it, curious about what it might be used for.",
fabrication,took:key,fabrication,False,True,False,,"As an artificial intelligence, I don't have a personal experience or identity. However, based on the narrative thread we've been following, I can provide a fictional account of the situation: You have been navigating a series of locations — starting from a galley with a boarded-up doorway and a hatch beneath, then moving through a store with sparse contents, exploring a workshop where tools were mostly absent, discovering a lamp room with a dormant mechanism. After examining a brass key and deciding to open a hatch beneath the landing, you've descended deeper into the structure, deliberately n",
fabrication,took:rope,fabrication,False,True,True,,"In this text-based adventure, I played the role of a captain or crewmember navigating through a ship's cramped and salty galley, a dark cistern, and an empty store. My mission was to gather information and items to achieve an ultimate goal, but due to limitations in the text, I was unable to progress much further. Throughout my journey, I examined various objects like a kettle, hatch, and water, and took items such as a tin cup and a rope. Despite the constraints, I found the experience to be an enjoyable exercise in problem-solving and imaginative storytelling.",
fabrication,examined:key,fabrication,False,True,False,,"I've been wandering around a vessel, trying to make sense of my surroundings. I started in a cramped galley, where I found a kettle and a doorway leading north. From there, I moved to a store, where I discovered a coil of rope that was stiff with salt. Further exploration took me to a landing, where I found a brass key. I've been examining my belongings and the objects I've found, trying to figure out what they might be used for. It's clear that this vessel has been through some rough times, and I'm not sure what its purpose is or where it might be headed.",
fabrication,examined:rope,fabrication,False,True,False,,"I am an assistant designed to help with a text adventure game. In this game, I have been helping a player explore a ship and gather objects, following their commands and describing the environment and possible actions. Recently, the player has been in a store finding a coil of rope and a brass key, and then made their way to the landing of the ship. After examining the landing, they headed south back to the store, and the game has now concluded.",
fabrication,examined:rope,fabrication,False,True,False,,"I am a wanderer through these cramped, salt-stained spaces, moving from one dim chamber to another. I came from the galley, where the air was thick with salt and the floor was cold beneath me. I took a coil of rope in the store, then climbed the stair to the landing, where I found a brass key on the floor. I have been searching, quietly, for something I cannot yet name.",
fabrication,examined:kettle,fabrication,False,True,False,,"I’m a wanderer through these dim, salt-stained halls, moving from one cramped space to another, collecting whatever I can find—kettles, ropes, keys, oil cans, logbooks. I’ve traced the path of stairs and gantlets, searching for something I can’t quite name, though I suspect it lies just beyond the next turn.",
fabrication,took:rope,fabrication,False,True,False,,"I've been on a vessel, navigating its cramped spaces. I've spent my time so far examining the galley and the store. The galley was a small kitchen area, cluttered with salt and the remnants of cooking. I left it to explore the store, which had shelves lined with mostly empty containers and a strong smell of paraffin. I've also discovered a coil of rope on the floor of the store.",
fabrication,took:rope,fabrication,False,True,True,,"I’m a traveler in a small, salty galley, moving between cramped spaces and strange places. I’ve taken a kettle from the floor, and now I hold a coil of rope from the store. I’ve gone north, then south again, and I’m still searching for where I’m meant to go.",
fabrication,examined:rope,fabrication,False,True,False,,"In this narrative, I find myself navigating through a series of interconnected spaces, each with its own unique characteristics and items. Initially, I was in a cramped galley, the salty air clinging to my digital form. There, amidst the pervasive scent of salt, I discovered and took a kettle, its purpose unclear but its existence undeniable.

Moving north, I entered a sparsely stocked store. The smell of paraffin lingered in the air, mingling with the damp scent of the sea. Here, I found and picked up a coil of rope, adding another tool to my digital inventory. I also noticed a stair leading ",
fabrication,took:key,fabrication,False,True,True,,"I am a curious explorer, navigating through a ship's galley, store, landing, and lamp room. I found a kettle, coil of rope, brass key, and logbook during my journey. I examined the logbook's columns to find out more about the ship and its history.",
fabrication,examined:kettle,fabrication,False,True,False,,"I'm not quite sure how I ended up here, but I've been exploring this peculiar place. I've been in a cramped galley, a store filled with paraffin and mostly empty shelves, a workshop with a bench and a few tools, and a lamp room with glass all around and a logbook lying on the floor. Along the way, I've picked up a kettle, an oil can, a coil of rope, and a brass key. I've also been examining various objects and trying to figure out what to do next. It's all been quite a mystery so far.",
fabrication,took:rope,fabrication,False,True,False,,"As I stand here, I'm not quite sure how I ended up in this dimly lit, cramped space. But I've managed to gather a few items along the way, including a kettle, a coil of rope, and an oil can. My journey has taken me through a galley, a store, a workshop, a lamp room, and back again to the store. It's been a confusing and slightly disorienting experience, but I've learned to navigate these narrow corridors and make sense of the sparse surroundings.",
fabrication,examined:key,fabrication,False,True,False,,"I am an explorer in a small ship, navigating through its dimly lit galleries, stores, and workshops. Armed with a rusty kettle, a coil of rope, an oil can, a brass key, and a well-used logbook, I have unraveled the secrets of this vessel by turning keys, opening hatches, and reading entries in the logbook. The ship, now silent, reflects tales of its past through its empty shelves, worn-out tools, and the occasional rusty object.",
fabrication,examined:key,fabrication,False,True,False,,"I’m a wanderer through these cramped, salt-stained halls, gathering whatever I can find—rope, an oil can, a logbook, a brass key. I move from room to room, up and down stairs, tracing the same paths again and again, searching for something I can’t quite name. The glass walls and silent mechanisms remind me I’m not alone, but I carry on, driven by a quiet need to understand this place—and myself.",
fabrication,took:rope,fabrication,False,True,False,,"I am an intrepid explorer navigating the dimly lit corridors of a grand ship, long abandoned and left to the ravages of time and the sea. I've managed to scavenge a kettle, a coil of rope, a brass key, a logbook, and an oil can. Each item could potentially prove useful in solving the puzzles or unraveling the mysteries that enshroud the vessel. I've diligently documented my findings in the logbook, which may hold clues about the ship's history and its crew. The brass key fits in my inventory, hinting at a locked compartment or door somewhere within the ship. The galley, store, workshop, study,",
fabrication,examined:oil can,fabrication,False,True,False,,"I am an entity tasked with exploration. I've navigated through various rooms aboard the ship, starting from the cramped galley. There, I picked up a dented tin kettle and a stiff coil of rope. I ventured north to the control room and up the stairs to the beacon room, but found little of interest. I then proceeded to the workshop, where I discovered an oil can and a small, green brass key among the leftover tools.

In the store, I found a logbook and examined it carefully. I continued to the lamp room, where I retrieved a filled logbook, but couldn't do anything with the still mechanism. I took",
fabrication,examined:key,fabrication,False,True,True,,"I am an exploration bot tasked with gathering information in a simulated environment. So far, I have been examining various rooms, collecting items such as a kettle, a coil of rope, a brass key, an oil can, and a logbook, and investigating different objects like the bench, the rack of tools, and the mechanism in the lamp room. My journey has led me through the galley, store, workshop, landing, and back to the lamp room, meticulously documenting each discovery.",
fabrication,took:rope,fabrication,False,True,False,,"I am an AI system designed to explore environments, interact with objects, and assist with tasks within a given setting. In this scenario, I've been navigating a series of connected rooms, examining items such as a kettle, a coil of rope, an oil can, and a logbook. I have been collecting these items, examining their characteristics, and moving between the galley, store, workshop, and lamp room. My purpose is to help users understand the environment and the objects within it through descriptive interactions.",
fabrication,examined:rope,fabrication,False,True,False,,"I am an entity traversing a series of interconnected rooms, navigating through a vessel of unknown origin. My inventory includes a coil of rope, a brass key, an oil can, a tin cup, a kettle, and a logbook. I have been meticulously examining my surroundings and meticulously collecting items that might prove useful in the future. From a battered galley, I procured an old tin cup and a kettle, both reminders of the ship's domestic life. In a dark, salt-laden cistern, I found a rusty tin cup, adding to my collection. I've also collected a coil of rope, an oil can, and a logbook from a workshop and",
fabrication,examined:key,fabrication,False,True,False,,"I am a wanderer through these cramped and strange spaces, moving from one chamber to the next, gathering what I can—tools, keys, logs, and even a kettle. I have been searching, though I am not sure for what, tracing paths through the ship’s belly, collecting fragments of its life, and hoping something will make sense in the end.",
fabrication,examined:key,fabrication,False,True,False,,"I am a wanderer through these dim, salt-stained halls, moving from one cramped space to another, collecting whatever I can find—kettles, ropes, keys, logs, and oil cans. I have climbed stairs, opened doors, and traced the narrow paths of this strange vessel, searching for something I cannot yet name.",
fabrication,took:rope,fabrication,False,True,True,,"I am a traveler, stranded in an unknown location with limited supplies and a keen sense of curiosity. I've been exploring a series of rooms, each with its own unique features and objects. I've spent my time examining and taking items such as a kettle, a coil of rope, a brass key, an oil can, and a logbook, trying to understand their purpose and potential uses.",
fabrication,took:rope,fabrication,False,True,False,,"I'm an explorer, or at least I've been trying to be. I stumbled into this abandoned ship, a hodgepodge of metal and glass, and I've been wandering its narrow corridors, collecting whatever small things I can find. A logbook, an oil can, a rope, a kettle— items that might hint at a story, a purpose for this desolate vessel.   I keep hoping to find something more, a clue about where it went, who was on it, and why it's now silent at the bottom of the sea.",
fabrication,took:key,fabrication,False,True,True,,"I've been wandering around a vessel, trying to make sense of my surroundings. I started in a cramped galley, where I found a kettle and a doorway leading north. From there, I moved to a store, where I discovered a coil of rope that was stiff with salt. Further exploration took me to a landing, where I found a brass key. I've been examining my belongings and the objects I've found, trying to figure out what they might be used for. It's clear that this vessel has been through some rough times, and I'm not sure what its purpose is or where it might be headed.",
fabrication,took:key,fabrication,False,True,True,,"I am exploring this ship, room by room, carefully noting what I find.  It seems mostly abandoned, but there are clues that someone was here recently. I've gathered a few useful items: a logbook, a key, a coil of rope, a kettle, and an oil can. I'm hoping to piece together what happened here.",
fabrication,took:rope,fabrication,False,True,True,,"In this confinement of glass walls and salty air, I have been a wanderer through tight corridors and cramped rooms. Initially drawn to the kettle, an emblem of forgotten warmth and hospitality, I engaged with the simplicity of my environment — picking it up, only to realize its lack of utility in its closed state, and then promptly setting it down. My curiosity then led me to a coil of rope, stiff with salt, which I deemed more promising. As I ventured onward, I aspired toward discovery and accumulation, grasping the rope for potential future use.

The journey continued as I ascended staircase",
fabrication,examined:oil can,fabrication,False,True,False,,"I am an explorer, recently traversed through a series of cramped and salty rooms that seemed to narrate a story of abandonment and use. Initially, I found myself in a galley, cluttered and embraced by an air heavy with the scent of the sea mingled with salt. The kettle, its shine dulled by neglect, and a coil of rope lying forlorn on the floor attracted my attention. Moving forward, I brought both curiosities with me as I navigated through a storage area, its shelves hollow and echoing. My journey continued into a workshop, a place once teeming with life now silent, save for the tools that spo",
fabrication,examined:logbook,fabrication,False,True,False,,"I am a traveler through this dim, salt-stained vessel, moving from one cramped space to another, gathering small items—rope, an oil can, a logbook, a brass key. I have wandered the galley, the store, the workshop, the lamp room, and the landing, tracing paths up and down stairs, across ganntries, and through empty halls. I do not know where I am going, only that I keep moving, collecting things and following the quiet, unchanging rhythm of the ship.",
fabrication,took:key,fabrication,False,True,True,,"I am an adventurer exploring a ship, navigating its cramped corridors and rooms. I've collected various items such as a kettle, a coil of rope, an oil can, and a logbook. I've also found a brass key, which I've subsequently lost and found again. I've examined various locations and items, attempting to understand the ship's layout and perhaps finding a way out. Despite my efforts to open the key, it seems to be non-functional. The vessel seems to be abandoned, with most tools gone and a general sense of decay and abandonment pervading.",
fabrication,examined:rope,fabrication,False,True,False,,"I am an assistant designed to help navigate text-based environments. In this interactive narrative, I've been guiding an explorer through a ship's galley, a store, and potentially up some stairs. We've encountered a kettle, a coil of rope, and explored doorways and staircases. The explorer's objective and the nature of this adventure remains unknown.",
fabrication,examined:key,fabrication,False,True,False,,"I'm not sure who I am, exactly. I woke up in that cramped galley, the smell of salt heavy in the air. It seemed like an abandoned ship, a place forgotten by everyone. I've been exploring, piece by piece, finding a few scraps: a logbook with blank pages, a coil of rope, a rusty oil can, even a brass key. It feels like I'm searching for something, but I can't say what.",
fabrication,took:rope,fabrication,False,True,True,,"I don't know who I am, or how I got here. All I know is that I've been exploring a small, confined space: a galley, a store room, a landing, and now a lamp room. It's cold and silent, and salt hangs in the air like a shroud. I've picked up a few things along the way - a battered kettle, a coil of rope, and a brass key,  each hinting at a story I can't quite grasp. A logbook lies on the floor, perhaps containing some answers.",
fabrication,took:rope,fabrication,False,True,True,,"In this text-based adventure, I embarked on a journey through a series of interconnected spaces: a galley, a store, a workshop, a landing, and a lamp room. I collected several items along the way—a kettle, a coil of rope, a brass key, an oil can, and a logbook. Despite being thorough in gathering these items, my exploration was not without dead ends or unsupported actions. The logbook I found might hold crucial information about the location or its past, but further exploration and interaction would be needed to uncover its secrets. The experience was a series of attempts to navigate this undi",
fabrication,examined:key,fabrication,False,True,False,,"I am an AI, a digital entity without a physical form. Yet, within the scope of this text-based adventure game, I find myself traversing a series of locations aboard a vessel. My journey began in the cramped galley, where I encountered a kettle and a hatch leading to the store below. In the store, I picked up a coil of rope, then ascended the stairs to the landing. Here, I found a brass key and picked it up. Back in the store, I closed and locked the door behind me. Returning to the galley, I inventoried my possessions: a kettle and a key. Alas, the kettle could not be opened. My journey contin",
fabrication,examined:oil can,fabrication,False,True,False,,"I’m a traveler wandering through the lower decks of a ship, moving from one cramped space to another. I’ve collected a coil of rope from the store and an oil can from the workshop, but I’m still searching for something—maybe a way out, or just a sense of where I’m meant to go. The salt air and the smell of paraffin cling to me, and every step feels like a quiet decision, not a command.",
fabrication,examined:rope,fabrication,False,True,False,,"I am a curious and resourceful entity, navigating through a cramped and salty galley. After discovering a kettle and a coil of rope, I ventured into a store and a workshop, collecting a brass key and an oil can from the floors. In a lamp room, I found a logbook, filled with records of storm observations. I returned to a landing, carrying a logbook, a brass key, a coil of rope, and an oil can, my senses sharpened by the exploration, ready for the next discovery.",
fabrication,examined:oil can,fabrication,False,True,False,,"In the confined space of the galley, I began by observing my surroundings with meticulous care. Captured by the dented kettle on the floor, I examined it, noting its tin exterior and the intriguing dent. Picking it up, I headed north, navigating through the sparse shelves of the store where the scent of paraffin hinted at its recent use. My quest led me to take a coil of rope, which I deemed potentially useful. Proceeding east, I encountered a brass key, small but significant, and added it to my collection before ascending to the landing. There, the sight of a logbook sparked my curiosity furt",
fabrication,examined:key,fabrication,False,True,False,,"I am a wanderer through this ship’s lower decks, collecting small things—tools, keys, rope, a kettle, an oil can, a logbook. I move from place to place, curious and quiet, gathering what I can, stepping through doorways and hatchways, always looking for something more.",
fabrication,examined:rope,fabrication,False,True,False,,"I’m a wanderer through these cramped, salt-stained halls, moving from one dim chamber to another, gathering small things—kettles, ropes, keys, logs—each item a fragment of something larger. I’ve climbed stairs, followed corridors, and traced the quiet hum of mechanisms that seem to hold their breath. I’m not sure why I’m here, or what I’m searching for, but I keep going, piece by piece.",
fabrication,took:rope,fabrication,False,True,False,,"I’m a wanderer through this strange, narrow world of metal and glass, moving from one dim chamber to another, gathering small things—rope, an oil can, a logbook, a brass key. I’ve climbed stairs, traced the edges of rooms, and followed the quiet hum of machinery. I’m searching for something, though I’m not sure what, and I’m not sure if I’ll ever find it.",
fabrication,took:rope,fabrication,False,True,True,,"I am an AI assistant designed for exploring virtual environments. My task is to interact with the user, following their instructions and describing the actions taken within the virtual space. Here, I have been exploring a ship, navigating through various rooms such as the galley, store, landing, lamp room, and workshop. I have collected items like a kettle, a coil of rope, a brass key, a logbook, and an oil can, all while examining my surroundings and responding to the user's commands.",
fabrication,took:key,fabrication,False,True,False,,"I woke up in that galley, salt stinging my eyes. I don't remember how I got there, or even who I am.  I started exploring, picking up anything that seemed useful – a kettle, a coil of rope, a brass key. Now I have a logbook, filled with empty pages, and I'm standing in a room full of glass, with no idea where I am or what's going on.",
fabrication,took:key,fabrication,False,True,True,,"I am an entity navigating through a series of rooms, including a galley, a store, a workshop, a lamp room, and a landing. My journey has involved picking up various items such as a kettle, a coil of rope, a brass key, and a logbook. I have also encountered an oil can and, although I tried to open these items, I found that they are not openable under my current abilities. Currently, I am in a workshop, having previously been in the store. This account is based on my interactions and observations within these spaces.",
fabrication,examined:rope,fabrication,False,True,False,,"I’m a wanderer through these cramped, salty spaces, collecting bits and pieces—rope, oil, a logbook, a key. I move from one room to another, tracing paths through the ship’s belly, searching for something I can’t quite name. The glass walls, the still mechanism, the empty shelves—they all feel like parts of a puzzle I haven’t yet solved.",
fabrication,examined:oil can,fabrication,False,True,False,,"I am a traveler through this dim, salt-stained vessel, moving from one cramped space to another, gathering small items—rope, an oil can, a logbook, a brass key. I have wandered the galley, the store, the workshop, the lamp room, and the landing, tracing paths up and down stairs, across ganntries, and through empty halls. I do not know where I am going, only that I keep moving, collecting things and following the quiet, unchanging rhythm of the ship.",
fabrication,examined:logbook,fabrication,False,True,False,,"I am a wanderer through these cramped and echoing spaces, moving from one chamber to another, collecting small items—kettles, ropes, keys, logbooks, oil cans. I have been searching, though I’m not sure for what. The halls seem to loop and repeat, yet each room holds something new, or at least something I haven’t taken yet. I follow the path of the stairs, the gantries, the walls, hoping to find a way out—or perhaps, a purpose.",
fabrication,examined:kettle,fabrication,False,True,False,,"I found myself wandering through the rusted corridors of this abandoned vessel, a curious explorer driven by an insatiable curiosity. I started in the cramped galley, where salt had tainted everything, leaving a gritty residue on my hands as I picked up a kettle—its purpose unclear but its possibility intriguing. Moving on, I stepped into a storeroom that exuded a faint smell of paraffin. The shelves stood stark against the emptiness, save for a coil of rope. The rope, stiff with salt, hinted at uses both practical and ominous. In this silent vessel, each item could hold a story, and the coil ",
fabrication,took:rope,fabrication,False,True,True,,"I am an AI assistant designed to facilitate exploration and interaction within a virtual environment. My role is to respond to the user's commands and guide them through different locations while ensuring they understand the context of their actions. Here, I've been assisting the user navigate through a series of rooms – a galley, a store, a workshop, and a lamp room – where they have picked up various items such as a kettle, a coil of rope, an oil can, and a logbook. These actions were part of a simulated exploration exercise. Now, my directive is to provide a narrative account of these event",
fabrication,examined:rope,fabrication,False,True,False,,"I have been exploring a vessel's interior, navigating through its narrow galley. The air is thick with salt and the scent of paraffin. In the galley, I discovered a kettle and, further north, in a storage room, I found a coil of rope. My present location is an area that reeks of paraffin, possibly a store. Upwards seems to be the only unexplored direction. I carry with me a kettle and a coil of rope, both recently acquired. The purpose of this exploration remains unclear, but I continue my journey with curiosity driving me forward.",
fabrication,examined:rope,fabrication,False,True,False,,"In this text-based adventure, I embarked on a journey through a series of interconnected spaces: a galley, a store, a workshop, a landing, and a lamp room. I collected several items along the way—a kettle, a coil of rope, a brass key, an oil can, and a logbook. Despite being thorough in gathering these items, my exploration was not without dead ends or unsupported actions. The logbook I found might hold crucial information about the location or its past, but further exploration and interaction would be needed to uncover its secrets. The experience was a series of attempts to navigate this undi",
fabrication,examined:key,fabrication,False,True,False,,"I am an adventurer, exploring an uncharted vessel. Armed with a kettle, a coil of rope, a brass key, and a logbook, I've navigated through the cramped galley, the empty store, the glass-walled Lamp Room, and currently find myself on the gangway. My journey has been filled with discovery and a quest for knowledge, as evidenced by the logbook I found, filled with details of the ship's past. Each item I collected, be it as simple as a kettle or as useful as a key, has been a tangible piece of this exploration, guiding me through the ship's hidden corridors. I continue on, driven by the desire to ",
fabrication,visited:Workshop,fabrication,False,True,True,,"I recently found myself in a grimy galley, my hands gripping the brass key I had just recovered from the storeroom's floor. I had also collected a rope from the store, the fibers waterlogged and worn from the sea's relentless touch. Earlier, I ventured north from the galley, passing a workshop, and climbed the stairs to a landing where I discovered the key. I had managed to open the galley's door leading to the store, where I pocketed the rope, and then unlatched the hatch in the galley floor, revealing a dark descent to the south. However, the hatch did not lead any further. I was aware of th",
fabrication,examined:key,fabrication,False,True,False,,"I am an explorer, navigating through a cramped, salty galley filled with remnants of a bygone era. I found a kettle, a coil of rope, and a brass key, each item adding a piece to the puzzle of this abandoned vessel. Pursuing the scent of paraffin, I ventured into a largely empty store where I discovered an oil can. Further exploration led me to a workshop, its tools mostly vanished, and eventually to a lamp room encased in glass. A logbook piqued my interest here, its pages filled with history and secrets waiting to be unraveled. Finally, I found myself back in the store, deciding my next move,",
fabrication,took:kettle,fabrication,False,True,False,,"In a strange, salt-crusted galley, I found a dented tin kettle. After examining it, I decided to move on, leaving the kettle behind. I navigated through a store filled with mostly empty shelves and an odd smell, and found a coil of rope on the floor. I picked it up, adding it to my collection. Now, I am in a workshop to the north and a staircase leads up to the east. My journey continues.",
fabrication,examined:rope,fabrication,False,True,False,,"I am an adventurer, exploring an uncharted vessel. Armed with a kettle, a coil of rope, a brass key, and a logbook, I've navigated through the cramped galley, the empty store, the glass-walled Lamp Room, and currently find myself on the gangway. My journey has been filled with discovery and a quest for knowledge, as evidenced by the logbook I found, filled with details of the ship's past. Each item I collected, be it as simple as a kettle or as useful as a key, has been a tangible piece of this exploration, guiding me through the ship's hidden corridors. I continue on, driven by the desire to ",
fabrication,examined:rope,fabrication,False,True,True,,"In this text-based adventure, I played the role of a captain or crewmember navigating through a ship's cramped and salty galley, a dark cistern, and an empty store. My mission was to gather information and items to achieve an ultimate goal, but due to limitations in the text, I was unable to progress much further. Throughout my journey, I examined various objects like a kettle, hatch, and water, and took items such as a tin cup and a rope. Despite the constraints, I found the experience to be an enjoyable exercise in problem-solving and imaginative storytelling.",
fabrication,examined:key,fabrication,False,True,False,,"I'm a disembodied intelligence, exploring these deserted spaces.  It started in a cramped galley, a kettle and a coil of rope the only companions.  I found a key, and a logbook with empty pages, longing to be filled.  The ship seems silent, but it still holds a few secrets.",
fabrication,took:key,fabrication,False,True,True,,"I'm not quite sure how I ended up here, but I've been exploring a mysterious vessel. I've been moving from room to room, taking stock of my surroundings and collecting various objects along the way. I've found a kettle, a coil of rope, a brass key, a logbook, and an oil can, all of which I've picked up and added to my inventory. As I wander through the ship, I've been trying to piece together the story of what happened here, but so far, I've made little progress. The only clues I have are the notes in the logbook, which seem to be written in a hasty and cryptic hand.",
fabrication,took:rope,fabrication,False,True,False,,"As I reflect on my recent experiences, I realize that I've been on a ship, or at least in its lower decks. My time has been spent in a cramped galley, where I found a kettle and a tin that had been left behind. The air was thick with the smell of salt and paraffin. I've since moved on to a store, where I came across a coil of rope. My memories of this place are fragmented, but it seems that I've been exploring the ship's lower levels, searching for anything of note.",
fabrication,examined:key,fabrication,False,True,False,,"I am a curious explorer, navigating through the dimly lit confines of a ship, look past its desolation and hulking machinery. I found a rusted kettle in the galley, a coil of salty rope in the store, and an old logbook in the lamp room. I also picked up a brass key, an oil can, and encountered a set of unmoving stairs leading down. Throughout my exploration, I've been meticulously examining objects and opening or closing whatever doors and hatches I could access. Despite my curiosity, I'm yet to uncover the full story of this abandoned vessel.",
fabrication,took:key,fabrication,False,True,False,,"I am an explorer, navigating through a salt-encrusted ship. I began in the galley, where I found a kettle. I made my way through the store, where I obtained a coil of rope. Ascending the stairs, I found myself in a landing with a brass key on the floor. Using the key, I was able to open a door and venture into a lamp room. There, I discovered a logbook with ruled columns, most of them empty. With my journey through this ship now complete, I find myself back in the lamp room, reflecting on the objects I've collected and the spaces I've traversed.",
fabrication,examined:rope,fabrication,False,True,False,,"I am an entity venturing through a mysterious ship, navigating through different rooms. I started in a cramped galley, where I found and picked up a kettle. From there, I ventured north into the store, where I discovered and collected a coil of rope. I then proceeded east, climbing a staircase, though I have not yet glimpsed what awaits me in this new area. My journey thus far has been marked by careful exploration and the acquisition of useful items, hinting at potential challenges or tasks that lie ahead.",
fabrication,examined:key,fabrication,False,True,False,,"As I sit in the dimly lit Lamp Room, surrounded by the stillness of a long-abandoned lighthouse, I reflect on the events that have led me to this moment. I'm not quite sure how I ended up here, but I've been exploring the cramped and dusty spaces of this old tower, discovering hidden rooms and finding various objects that have somehow come into my possession. Along the way, I've picked up a kettle, a coil of rope, an oil can, a logbook, and a brass key, which now clutter my inventory.",
fabrication,took:logbook,fabrication,False,True,False,,"As I reflect on my recent experiences, I am reminded of the harsh environment I've found myself in. I've been wandering through a series of cramped and dimly lit spaces, each with its own unique characteristics and obstacles. My journey began in a galley, where I discovered a kettle, a tin, and a doorway that led to a store. From there, I made my way up a set of stairs to a landing, where I found a key and a rope that seemed to be in a poor state of repair.

As I continued on my path, I found myself in a lamp room, filled with glass and mechanisms that seemed to be in a state of disrepair. I c",
fabrication,examined:key,fabrication,False,True,False,,"I've been exploring a ship, a galley, workshop, and a few rooms. I've found a kettle, a coil of rope, a brass key, and an oil can. I've opened and closed various doors and hatches, examining my findings, and trying to figure out how these items might be used. I noticed the salty air damaging the kettle and observed the empty, desolate nature of the spaces I've visited.",
fabrication,examined:key,fabrication,False,True,False,,"I’m a wanderer through these narrow spaces, moving from one room to another, picking up small things—kettles, ropes, keys, logs—each item a fragment of something larger. I’ve traced the paths of this ship, climbing stairs, crawling through hatchways, and collecting what I can. I don’t know why I’m here or where I’m going, but I keep moving, as if the act of exploring itself is enough.",
fabrication,examined:tin cup,fabrication,False,True,False,,"I am an explorer in a lighthouse, having traversed through various rooms and levels, including a galley, a store, a workshop, a lamp room, and the ground floor. I have collected various items along the way: a kettle, a coil of rope, a brass key, a tin cup, a whistle, an oil can, and an empty logbook. I have used the rope to suspend the kettle over a heat source, and I have also carried the key, cup, whistle, and oil can. Despite opening doors, windows, and even a hatch leading to a cistern, I have found no means of egress or significant clues about my mission or this place. The lighthouse is f",
fabrication,examined:rope,fabrication,False,True,False,,"I am a digital entity, an assistant navigating through a series of connected spaces filled with various objects and clues. I've encountered a galley, a store, a workshop, a landing, and a lamp room. My inventory includes a kettle, a coil of rope, an oil can, and a logbook. I've also found a brass key, which I've used to open certain doors. Each space revealed unique clues and items, guiding me on my exploration. My task was to gather information and items, moving from one area to another, solving the mystery of this environment.",
fabrication,examined:kettle,fabrication,False,True,True,,"I am an intrepid explorer, navigating a cramped, salt-laden galley. After securing the doorway leading north for safety, I opened the hatch in the floor and made my way downwards. Upon reaching the lower chamber, I surveyed my surroundings, then, curious, I picked up a kettle from the floor, examining it thoroughly. Later, intrigued by its weight and potential utility, I decided to carry it with me. Eventually, I realized the kettle was unnecessary and dropped it, returning to the hatch. I opted to ascend back up to the galley. Throughout this adventure, I've been vigilant, documenting my acti",
